step,time_s,episode_length,reward,done,success,object_target_dist_xy,object_x,object_y,object_z,target_x,target_y,target_z,robot_x,robot_y,robot_z,object_vx,object_vy,object_vz,action_raw_vx,action_raw_vy,action_raw_wz,velocity_cmd_vx,velocity_cmd_vy,velocity_cmd_wz
0,0.0,0,0.949734628200531,0,0,0.9676167964935303,11.800760269165039,-8.343719482421875,0.10000000149011612,11.07713794708252,-8.986100196838379,0.10000000149011612,12.344816207885742,-9.209607124328613,0.3499999940395355,0.0,0.0,0.0,-0.15796813368797302,1.888706922531128,-2.311568260192871,-0.15666715800762177,0.955260157585144,-0.9805471897125244
1,0.201,1,0.9793112874031067,0,0,0.9676477313041687,11.800774574279785,-8.34368896484375,0.09999842941761017,11.07713794708252,-8.986100196838379,0.10000000149011612,12.32461929321289,-9.262901306152344,0.3788963556289673,4.9503658374305815e-05,-2.7893096557818353e-05,-1.0465041668794584e-05,-0.2141425609588623,1.7907934188842773,-2.4101738929748535,-0.21092820167541504,0.9458442330360413,-0.9840010404586792
2,0.402,2,1.0054346323013306,0,0,0.9676477313041687,11.800774574279785,-8.34368896484375,0.09999842941761017,11.07713794708252,-8.986100196838379,0.10000000149011612,12.223533630371094,-9.300670623779297,0.4021300971508026,4.884218651568517e-05,-2.857231447705999e-05,-9.302105354436208e-06,-0.10177437216043472,1.7832581996917725,-2.4011783599853516,-0.1014244332909584,0.9450445175170898,-0.9837129712104797
3,0.6030000000000001,3,0.9992506504058838,0,0,0.9676477313041687,11.800774574279785,-8.34368896484375,0.09999843686819077,11.07713794708252,-8.986100196838379,0.10000000149011612,12.090238571166992,-9.318815231323242,0.37410157918930054,4.889915362582542e-05,-2.770282117126044e-05,-8.907602932595182e-06,-0.35964590311050415,1.8249378204345703,-2.334073543548584,-0.34490206837654114,0.9493284225463867,-0.9813953638076782
4,0.804,4,1.0140671730041504,0,0,0.9676477313041687,11.800774574279785,-8.34368896484375,0.09999841451644897,11.07713794708252,-8.986100196838379,0.10000000149011612,11.946020126342773,-9.32161808013916,0.380356103181839,4.8758683988125995e-05,-2.776693509076722e-05,-8.844433978083543e-06,-0.411577045917511,1.784462571144104,-2.2977442741394043,-0.3898108899593353,0.9451730847358704,-0.9800072908401489
5,1.005,5,1.012230396270752,0,0,0.9676477313041687,11.800774574279785,-8.34368896484375,0.09999843686819077,11.07713794708252,-8.986100196838379,0.10000000149011612,11.781086921691895,-9.311070442199707,0.3993189036846161,4.898890256299637e-05,-2.8429534722818062e-05,-9.682323252491187e-06,-0.6940099596977234,1.706774115562439,-2.2025132179260254,-0.6005518436431885,0.9362505674362183,-0.9758632779121399
6,1.2060000000000002,6,1.0128964185714722,0,0,0.9676477313041687,11.800774574279785,-8.34368896484375,0.09999839961528778,11.07713794708252,-8.986100196838379,0.10000000149011612,11.59592342376709,-9.269859313964844,0.39518168568611145,4.8929905460681766e-05,-2.8659844247158617e-05,-9.772533303475939e-06,-0.5797674655914307,1.5489531755447388,-2.142599582672119,-0.5224963426589966,0.9136126041412354,-0.9728323817253113
7,1.407,7,1.0139986276626587,0,0,0.9676477313041687,11.800774574279785,-8.34368896484375,0.09999839961528778,11.07713794708252,-8.986100196838379,0.10000000149011612,11.405448913574219,-9.205180168151855,0.3741160035133362,4.901623833575286e-05,-2.783497802738566e-05,-9.335919457953423e-06,-0.7606867551803589,1.4262096881866455,-2.032613754272461,-0.6414812803268433,0.8908872604370117,-0.9662607908248901
8,1.608,8,1.017589807510376,0,0,0.9676477313041687,11.800774574279785,-8.34368896484375,0.09999842941761017,11.07713794708252,-8.986100196838379,0.10000000149011612,11.242188453674316,-9.1122407913208,0.38111770153045654,4.8637321015121415e-05,-2.684284481802024e-05,-8.097235877357889e-06,-0.8106785416603088,1.2743974924087524,-1.9855811595916748,-0.6699644327163696,0.8549850583076477,-0.9629945755004883
9,1.809,9,0.9902381896972656,0,0,0.9676477313041687,11.800774574279785,-8.34368896484375,0.09999840706586838,11.07713794708252,-8.986100196838379,0.10000000149011612,11.081366539001465,-8.99246883392334,0.39396360516548157,4.918580816593021e-05,-2.7417094315751456e-05,-9.368704922962934e-06,-0.22606948018074036,1.129721999168396,-2.4144699573516846,-0.222295343875885,0.8109241127967834,-0.9841368198394775
10,2.01,10,0.984036386013031,0,0,0.9676477313041687,11.800774574279785,-8.34368896484375,0.09999841451644897,11.07713794708252,-8.986100196838379,0.10000000149011612,10.953340530395508,-8.850855827331543,0.38104918599128723,4.874110527453013e-05,-2.9509201340260915e-05,-1.0333744285162538e-05,-0.5086334347724915,0.5066561102867126,-2.0251855850219727,-0.4688797891139984,0.4673357307910919,-0.9657644033432007
11,2.2110000000000003,11,0.9913226366043091,0,0,0.9676477313041687,11.800774574279785,-8.34368896484375,0.09999842196702957,11.07713794708252,-8.986100196838379,0.10000000149011612,10.872773170471191,-8.697007179260254,0.3779996335506439,4.879485641140491e-05,-2.8545722670969553e-05,-9.524225788482e-06,-0.6422405242919922,0.7930067777633667,-2.2130117416381836,-0.5664231777191162,0.6601089835166931,-0.9763588905334473
12,2.4120000000000004,12,0.9999877214431763,0,0,0.9676477313041687,11.800774574279785,-8.34368896484375,0.09999841451644897,11.07713794708252,-8.986100196838379,0.10000000149011612,10.807973861694336,-8.544454574584961,0.3854702413082123,4.8876307118916884e-05,-2.9041431844234467e-05,-1.3315863725438248e-05,-0.6521167755126953,0.7082898616790771,-2.162088394165039,-0.5730932354927063,0.6096034049987793,-0.9738573431968689
13,2.613,13,0.9993846416473389,0,0,0.9676477313041687,11.800774574279785,-8.34368896484375,0.09999842196702957,11.07713794708252,-8.986100196838379,0.10000000149011612,10.753813743591309,-8.403365135192871,0.39098790287971497,4.9202928494196385e-05,-2.7631422199192457e-05,-9.410653547092807e-06,-0.7931506633758545,0.6146042346954346,-2.167285203933716,-0.6601901650428772,0.5473599433898926,-0.9741241335868835
14,2.814,14,0.9940779209136963,0,0,0.9676477313041687,11.800774574279785,-8.34368896484375,0.09999842941761017,11.07713794708252,-8.986100196838379,0.10000000149011612,10.723610877990723,-8.244114875793457,0.39670538902282715,4.8951136704999954e-05,-2.844164009729866e-05,-9.552640221954789e-06,-0.7548794746398926,0.7006011605262756,-2.1775598526000977,-0.6380509734153748,0.6047492027282715,-0.9746437668800354
15,3.0149999999999997,15,0.992509126663208,0,0,0.9676477313041687,11.800774574279785,-8.34368896484375,0.09999842196702957,11.07713794708252,-8.986100196838379,0.10000000149011612,10.719620704650879,-8.081757545471191,0.3850873112678528,4.950547372573055e-05,-2.7761454475694336e-05,-9.959927410818636e-06,-0.8312556743621826,0.654024064540863,-2.1442244052886963,-0.6811497211456299,0.5743727684020996,-0.9729193449020386
16,3.216,16,0.9927830696105957,0,0,0.9676477313041687,11.800774574279785,-8.34368896484375,0.09999841451644897,11.07713794708252,-8.986100196838379,0.10000000149011612,10.736617088317871,-7.9314703941345215,0.3846803605556488,4.90013298986014e-05,-2.9290953534655273e-05,-1.0466736057423986e-05,-0.9285052418708801,0.621946394443512,-2.161182165145874,-0.7298962473869324,0.5524817705154419,-0.9738105535507202
17,3.4170000000000003,17,0.9844403862953186,0,0,0.9676477313041687,11.800774574279785,-8.34368896484375,0.09999843686819077,11.07713794708252,-8.986100196838379,0.10000000149011612,10.778946876525879,-7.777110576629639,0.39466404914855957,4.885624730377458e-05,-2.7922218578169122e-05,-9.186374882119708e-06,-0.765031635761261,0.6375644207000732,-2.1633224487304688,-0.6440311670303345,0.5632389187812805,-0.9739209413528442
18,3.618,18,0.9791656136512756,0,0,0.9676477313041687,11.800774574279785,-8.34368896484375,0.09999842941761017,11.07713794708252,-8.986100196838379,0.10000000149011612,10.84897518157959,-7.6341657638549805,0.3974291682243347,4.883849396719597e-05,-2.7933327146456577e-05,-9.025695362652186e-06,-1.0531269311904907,0.6370927095413208,-2.103569507598877,-0.7830190658569336,0.5629167556762695,-0.970659077167511
19,3.819,19,0.9688555598258972,0,0,0.9676477313041687,11.800774574279785,-8.34368896484375,0.09999840706586838,11.07713794708252,-8.986100196838379,0.10000000149011612,10.951300621032715,-7.508728504180908,0.39315277338027954,4.8888265155255795e-05,-2.7997321012662724e-05,-9.085974852496292e-06,-0.5660117268562317,0.5017327666282654,-2.258429527282715,-0.5124242305755615,0.46347883343696594,-0.9783895015716553
20,4.02,20,0.9690250754356384,0,0,0.9676477313041687,11.800774574279785,-8.34368896484375,0.09999842941761017,11.07713794708252,-8.986100196838379,0.10000000149011612,11.080687522888184,-7.397617816925049,0.38593077659606934,4.909001654596068e-05,-2.797600427584257e-05,-9.667980521044228e-06,-0.8735672831535339,0.7324332594871521,-2.1511852741241455,-0.7031821012496948,0.6245517730712891,-0.9732887148857117
21,4.221,21,0.9797931909561157,0,0,0.9676477313041687,11.800774574279785,-8.34368896484375,0.09999841451644897,11.07713794708252,-8.986100196838379,0.10000000149011612,11.219185829162598,-7.322468280792236,0.38377517461776733,4.871924829785712e-05,-2.795285399770364e-05,-8.843357136356644e-06,-0.7699816823005676,0.5757688283920288,-2.232804775238037,-0.646918773651123,0.5195832848548889,-0.9772660136222839
22,4.422000000000001,22,0.9933050870895386,0,0,0.9676477313041687,11.800774574279785,-8.34368896484375,0.09999842196702957,11.07713794708252,-8.986100196838379,0.10000000149011612,11.363926887512207,-7.270820617675781,0.39585456252098083,4.882221037405543e-05,-2.7258667614660226e-05,-8.76750436873408e-06,-0.7182239294052124,0.6184205412864685,-2.2463765144348145,-0.6158079504966736,0.5500273704528809,-0.9778680801391602
23,4.623,23,1.0000149011611938,0,0,0.9676477313041687,11.800774574279785,-8.34368896484375,0.09999842196702957,11.07713794708252,-8.986100196838379,0.10000000149011612,11.515764236450195,-7.2502923011779785,0.3965582847595215,4.9010679504135624e-05,-2.807660712278448e-05,-9.386635611008387e-06,-0.6965150833129883,0.5255852937698364,-2.288813591003418,-0.6021511554718018,0.4819992482662201,-0.9796506762504578
24,4.824000000000001,24,0.9957655668258667,0,0,0.9676477313041687,11.800774574279785,-8.34368896484375,0.09999842196702957,11.07713794708252,-8.986100196838379,0.10000000149011612,11.663822174072266,-7.270185470581055,0.39074718952178955,4.909549534204416e-05,-2.8359887437545694e-05,-9.79752712737536e-06,-0.7606580853462219,0.9490249752998352,-2.270975351333618,-0.6414644718170166,0.7393413186073303,-0.9789193272590637
25,5.0249999999999995,25,1.0161913633346558,0,0,0.9676477313041687,11.800774574279785,-8.34368896484375,0.09999841451644897,11.07713794708252,-8.986100196838379,0.10000000149011612,11.795595169067383,-7.33053731918335,0.3815593719482422,4.884143709205091e-05,-2.8521832064143382e-05,-9.301782483817078e-06,-0.8527672290802002,0.9746467471122742,-2.20365571975708,-0.6925123929977417,0.7507391571998596,-0.9759176969528198
26,5.226,26,1.015926480293274,0,0,0.9676477313041687,11.800774574279785,-8.34368896484375,0.09999840706586838,11.07713794708252,-8.986100196838379,0.10000000149011612,11.93062686920166,-7.410594940185547,0.39025571942329407,4.870405973633751e-05,-2.7797748771263286e-05,-8.929472642194014e-06,-0.36762896180152893,0.9461919665336609,-2.3314425945281982,-0.35191601514816284,0.7380542159080505,-0.9812981486320496
27,5.4270000000000005,27,1.039923071861267,0,0,0.9676477313041687,11.800774574279785,-8.34368896484375,0.09999841451644897,11.07713794708252,-8.986100196838379,0.10000000149011612,12.030484199523926,-7.51595401763916,0.3887409269809723,4.915452518616803e-05,-2.8723930881824344e-05,-1.0320615729142446e-05,-0.5156945586204529,1.0581936836242676,-2.1807947158813477,-0.47437024116516113,0.7849715352058411,-0.9748052358627319
28,5.628,28,1.075838327407837,0,0,0.9676477313041687,11.800774574279785,-8.34368896484375,0.09999840706586838,11.07713794708252,-8.986100196838379,0.10000000149011612,12.086877822875977,-7.648524761199951,0.3911250829696655,4.8877154767978936e-05,-2.8989355996600352e-05,-1.033589978760574e-05,-0.4860975444316864,1.1102172136306763,-2.199101448059082,-0.45111364126205444,0.8041391372680664,-0.9757000207901001
29,5.829000000000001,29,1.0962915420532227,0,0,0.9676477313041687,11.800774574279785,-8.34368896484375,0.09999842941761017,11.07713794708252,-8.986100196838379,0.10000000149011612,12.124486923217773,-7.793251991271973,0.3750651776790619,4.9418384151067585e-05,-2.7276380933471955e-05,-9.536218385619577e-06,-0.6890214681625366,1.332291841506958,-2.101754903793335,-0.5973529815673828,0.8698083162307739,-0.9705539345741272
30,6.029999999999999,30,1.1250964403152466,0,0,0.9676477313041687,11.800774574279785,-8.34368896484375,0.09999840706586838,11.07713794708252,-8.986100196838379,0.10000000149011612,12.140416145324707,-7.946779727935791,0.37845081090927124,4.873279976891354e-05,-2.8717717214021832e-05,-9.513406439509708e-06,-0.5378014445304871,1.4577744007110596,-2.201261043548584,-0.4913219213485718,0.8972194790840149,-0.9758034944534302
31,6.231,31,1.208195686340332,0,0,0.9676477313041687,11.800774574279785,-8.34368896484375,0.09999840706586838,11.07713794708252,-8.986100196838379,0.10000000149011612,12.13077163696289,-8.108256340026855,0.38902124762535095,4.780231392942369e-05,-2.8662707336479798e-05,-8.878955668478739e-06,-0.042608268558979034,1.2324391603469849,-2.234145164489746,-0.04258250445127487,0.8432853817939758,-0.9773262143135071
32,6.432,32,1.4043108224868774,0,0,0.8530265688896179,11.712924003601074,-8.417390823364258,0.09999842941761017,11.07713794708252,-8.986100196838379,0.10000000149011612,12.081765174865723,-8.252050399780273,0.38429105281829834,-1.3208630084991455,-1.139461636543274,-2.2696640371577814e-06,0.8929427862167358,-2.0746588706970215,1.2154316902160645,0.71284419298172,-0.9689396023750305,0.838301420211792
33,6.633,33,1.5648608207702637,0,0,0.5776588320732117,11.504366874694824,-8.59730052947998,0.09999845176935196,11.07713794708252,-8.986100196838379,0.10000000149011612,12.033456802368164,-8.30765151977539,0.4145357608795166,-0.7605807185173035,-0.6561132669448853,-1.068585152097512e-05,-0.13973622024059296,0.42983096837997437,0.01877647638320923,-0.13883377611637115,0.40518003702163696,0.01877427101135254
34,6.8340000000000005,34,1.6029927730560303,0,0,0.45116710662841797,11.408539772033691,-8.67995548248291,0.09999848902225494,11.07713794708252,-8.986100196838379,0.10000000149011612,12.033202171325684,-8.350678443908691,0.36820220947265625,-0.2003762423992157,-0.17269212007522583,-5.80687901674537e-06,-0.033483199775218964,0.9279490113258362,-1.2818645238876343,-0.03347069397568703,0.7296361923217773,-0.8569809198379517
35,7.035,35,1.6368069648742676,0,0,0.44201233983039856,11.401580810546875,-8.685914039611816,0.09999848902225494,11.07713794708252,-8.986100196838379,0.10000000149011612,12.017261505126953,-8.393982887268066,0.377238005399704,5.383867755881511e-05,-2.1204668883001432e-05,-1.2170266018074472e-05,-0.45163604617118835,1.4235926866531372,-1.8410768508911133,-0.4232429265975952,0.8903460502624512,-0.9508984088897705
36,7.236,36,1.6906920671463013,0,0,0.44201305508613586,11.401581764221191,-8.685914039611816,0.09999847412109375,11.07713794708252,-8.986100196838379,0.10000000149011612,11.956260681152344,-8.459177017211914,0.40269455313682556,5.319076080922969e-05,-2.1550504243350588e-05,-1.1450937563495245e-05,-0.7663537859916687,1.337064266204834,-1.737928867340088,-0.6448042392730713,0.870965301990509,-0.939985990524292
37,7.437,37,1.7057276964187622,0,0,0.44201305508613586,11.401581764221191,-8.685914039611816,0.09999848902225494,11.07713794708252,-8.986100196838379,0.10000000149011612,11.844633102416992,-8.558915138244629,0.40790632367134094,5.2958319429308176e-05,-2.274063808727078e-05,-1.225828964379616e-05,-0.6272152662277222,1.221808910369873,-1.655311942100525,-0.5561317205429077,0.8401869535446167,-0.929582953453064
38,7.638,38,2.0141687393188477,0,0,0.40652909874916077,11.364866256713867,-8.698909759521484,0.11185146123170853,11.07713794708252,-8.986100196838379,0.10000000149011612,11.711304664611816,-8.669669151306152,0.39462873339653015,-1.1834431886672974,-0.38708189129829407,0.3454933762550354,0.34155508875846863,-1.264512062072754,0.7338698506355286,0.3288649618625641,-0.8523032665252686,0.62542724609375
39,7.839,39,2.168409824371338,0,0,0.2357695996761322,11.160432815551758,-8.765534400939941,0.09999851137399673,11.07713794708252,-8.986100196838379,0.10000000149011612,11.614191055297852,-8.767873764038086,0.3711124062538147,-0.6561881303787231,-0.20277613401412964,-2.285977416249807e-06,-1.1008954048156738,1.1547043323516846,-0.3435242474079132,-0.8008204102516174,0.8193065524101257,-0.33062002062797546
40,8.04,40,2.2379324436187744,0,0,0.20257015526294708,11.098498344421387,-8.784659385681152,0.09999851137399673,11.07713794708252,-8.986100196838379,0.10000000149011612,11.548201560974121,-8.844256401062012,0.332981139421463,-0.017228618264198303,-0.004403261002153158,-1.2471460649976507e-05,-1.015236496925354,1.0099726915359497,-1.1883424520492554,-0.7679191827774048,0.7657507658004761,-0.8300641179084778
41,8.241,41,1.6533393859863281,0,0,0.18164783716201782,10.987449645996094,-8.82813835144043,0.12953878939151764,11.07713794708252,-8.986100196838379,0.10000000149011612,11.446806907653809,-8.976502418518066,0.3990388512611389,-1.1972993612289429,-0.47066134214401245,0.0004571817407850176,-1.0885932445526123,-1.0294837951660156,0.5004193782806396,-0.7963640689849854,-0.7737011909484863,0.4624469578266144
42,8.442,42,1.8284218311309814,0,0,0.2856242060661316,10.80437183380127,-8.901366233825684,0.09999854862689972,11.07713794708252,-8.986100196838379,0.10000000149011612,11.334417343139648,-9.07491683959961,0.41438060998916626,-0.5489026308059692,-0.20108217000961304,-3.1808478979655774e-06,-1.5216830968856812,0.0703413188457489,-0.6834033727645874,-0.9089905023574829,0.0702255368232727,-0.5937274694442749
43,8.643,43,1.85841965675354,0,0,0.3259565234184265,10.758798599243164,-8.916045188903809,0.09999856352806091,11.07713794708252,-8.986100196838379,0.10000000149011612,11.268107414245605,-9.183670043945312,0.4084247946739197,-1.571938264532946e-05,-1.8011865904554725e-05,-9.561290426063351e-06,-1.2714394330978394,0.08459828794002533,-1.5582979917526245,-0.8541873097419739,0.08439704775810242,-0.9151442646980286
44,8.844000000000001,44,1.8818931579589844,0,0,0.3259565234184265,10.758798599243164,-8.916045188903809,0.09999857097864151,11.07713794708252,-8.986100196838379,0.10000000149011612,11.18681812286377,-9.302717208862305,0.3960491120815277,-3.6223882489139214e-05,-2.0791199858649634e-05,-5.248949946690118e-06,-1.384351372718811,0.13289594650268555,-1.7818541526794434,-0.8819218873977661,0.1321190744638443,-0.9448941946029663
45,9.045,45,1.8789408206939697,0,0,0.3259565234184265,10.758798599243164,-8.916045188903809,0.09999854862689972,11.07713794708252,-8.986100196838379,0.10000000149011612,11.087944984436035,-9.399471282958984,0.39539504051208496,-3.5436853067949414e-05,-2.0792866052943282e-05,-3.841067609755555e-06,-1.0138112306594849,0.06960971653461456,-1.9835299253463745,-0.7673337459564209,0.0694975033402443,-0.9628452658653259
46,9.246,46,1.8633863925933838,0,0,0.3259565234184265,10.758798599243164,-8.916045188903809,0.09999856352806091,11.07713794708252,-8.986100196838379,0.10000000149011612,10.979540824890137,-9.478790283203125,0.38739466667175293,-3.646955156000331e-05,-2.0233050236129202e-05,-7.84800522524165e-06,-1.367645263671875,0.33406907320022583,-1.962080955505371,-0.878154456615448,0.32217222452163696,-0.9612482786178589
47,9.447000000000001,47,1.857527732849121,0,0,0.3259565234184265,10.758798599243164,-8.916045188903809,0.09999857097864151,11.07713794708252,-8.986100196838379,0.10000000149011612,10.852215766906738,-9.53437614440918,0.38922563195228577,-3.6453107895795256e-05,-2.1295589249348268e-05,-2.8063311674486613e-06,-0.9864242672920227,0.15889392793178558,-2.0948548316955566,-0.7558335065841675,0.15757009387016296,-0.970150887966156
48,9.648000000000001,48,1.8588263988494873,0,0,0.3259565234184265,10.758798599243164,-8.916045188903809,0.09999857097864151,11.07713794708252,-8.986100196838379,0.10000000149011612,10.717252731323242,-9.567139625549316,0.393406480550766,-3.5790308174910024e-05,-2.1126092178747058e-05,-1.9476572106214007e-06,-1.1903637647628784,0.2540450096130371,-2.1647982597351074,-0.8306916356086731,0.24871723353862762,-0.9739968180656433
49,9.849,49,1.8609821796417236,0,0,0.3259565234184265,10.758798599243164,-8.916045188903809,0.09999854117631912,11.07713794708252,-8.986100196838379,0.10000000149011612,10.573986053466797,-9.571335792541504,0.4050896167755127,-3.581843702704646e-05,-1.8863347577280365e-05,-8.466617146041244e-06,-1.0176682472229004,0.29577338695526123,-2.209639310836792,-0.7689151167869568,0.28743991255760193,-0.9762007594108582
50,10.049999999999999,50,1.8556139469146729,0,0,0.3259565234184265,10.758798599243164,-8.916045188903809,0.09999855607748032,11.07713794708252,-8.986100196838379,0.10000000149011612,10.434412002563477,-9.543455123901367,0.39277854561805725,-3.678877328638919e-05,-2.1977275537210517e-05,-3.593960173020605e-06,-0.7428632378578186,0.23197312653064728,-2.323615789413452,-0.6308720111846924,0.22789983451366425,-0.9810059070587158
51,10.251,51,1.8356307744979858,0,0,0.3259565234184265,10.758798599243164,-8.916045188903809,0.09999855607748032,11.07713794708252,-8.986100196838379,0.10000000149011612,10.30855941772461,-9.482205390930176,0.3898087441921234,-3.6466313758865e-05,-2.0932278857799247e-05,-4.66011033495306e-06,-0.9337894916534424,0.7608991265296936,-2.2619268894195557,-0.7323558330535889,0.6416062712669373,-0.9785385131835938
52,10.452,52,1.8463459014892578,0,0,0.32595744729042053,10.758797645568848,-8.916045188903809,0.09999854862689972,11.07713794708252,-8.986100196838379,0.10000000149011612,10.217911720275879,-9.3949613571167,0.3932150900363922,-2.233116356364917e-05,-2.9297001674422063e-05,-1.4622915841755457e-05,-0.7397506237030029,0.6445936560630798,-2.3111939430236816,-0.6289944648742676,0.5680192112922668,-0.9805327653884888
53,10.653,53,1.8630168437957764,0,0,0.3259565234184265,10.758798599243164,-8.916045188903809,0.09999857097864151,11.07713794708252,-8.986100196838379,0.10000000149011612,10.144233703613281,-9.280782699584961,0.3986148238182068,-3.667128476081416e-05,-2.109678644046653e-05,-6.255513653741218e-06,-0.7564071416854858,0.7487563490867615,-2.339261293411255,-0.63895583152771,0.6344063878059387,-0.981585681438446
54,10.854000000000001,54,1.8726110458374023,0,0,0.3259565234184265,10.758798599243164,-8.916045188903809,0.09999855607748032,11.07713794708252,-8.986100196838379,0.10000000149011612,10.107351303100586,-9.147963523864746,0.39727798104286194,-3.601227581384592e-05,-2.014583151321858e-05,-4.659840669773985e-06,-0.8341477513313293,1.0006706714630127,-2.2539265155792236,-0.6826968193054199,0.7618756890296936,-0.9781961441040039
55,11.055,55,1.8540802001953125,0,0,0.3259565234184265,10.758798599243164,-8.916045188903809,0.09999856352806091,11.07713794708252,-8.986100196838379,0.10000000149011612,10.112205505371094,-8.99874496459961,0.39651963114738464,-3.604718585847877e-05,-2.1311618183972314e-05,-2.306288706677151e-06,-0.18534067273139954,0.752275824546814,-2.3585636615753174,-0.18324722349643707,0.6365047097206116,-0.9822767972946167
56,11.256,56,1.863011360168457,0,0,0.3259565234184265,10.758798599243164,-8.916045188903809,0.09999855607748032,11.07713794708252,-8.986100196838379,0.10000000149011612,10.14718246459961,-8.856910705566406,0.3896757960319519,-3.572776768123731e-05,-2.155629772460088e-05,-2.090170710289385e-06,-0.607295572757721,1.270498514175415,-2.2187321186065674,-0.5422205924987793,0.8539327383041382,-0.9766246676445007
57,11.457,57,1.9070501327514648,0,0,0.3259565234184265,10.758798599243164,-8.916045188903809,0.09999857097864151,11.07713794708252,-8.986100196838379,0.10000000149011612,10.222753524780273,-8.761506080627441,0.3870235085487366,-3.5351840779185295e-05,-2.1430167180369608e-05,-1.4851174228169839e-06,-0.5078684687614441,1.3070396184921265,-2.31367826461792,-0.4682827889919281,0.8635244369506836,-0.9806283116340637
58,11.658000000000001,58,1.9991179704666138,0,0,0.32276302576065063,10.762199401855469,-8.915462493896484,0.09999856352806091,11.07713794708252,-8.986100196838379,0.10000000149011612,10.337839126586914,-8.68044376373291,0.3936227262020111,-2.7700260034180246e-05,-1.796388278307859e-05,-4.953990810463438e-06,-0.5037285089492798,1.5116145610809326,-2.270766496658325,-0.46504440903663635,0.9072251319885254,-0.9789106249809265
59,11.859,59,203.53079223632812,1,0,0.258118599653244,10.830507278442383,-8.909952163696289,0.09999854117631912,11.07713794708252,-8.986100196838379,0.10000000149011612,10.485075950622559,-8.629216194152832,0.3952622413635254,1.2447978258132935,0.0876469761133194,-4.0091524056151684e-07,0.2440255880355835,-0.47622013092041016,0.05581898242235184,0.23929445445537567,-0.4432113766670227,0.05576108396053314
60,12.059999999999999,0,0.7309891581535339,0,0,1.2780042886734009,12.294474601745605,-8.42222785949707,0.10000000149011612,13.559039115905762,-8.607083320617676,0.10000000149011612,11.515260696411133,-7.525425910949707,0.3499999940395355,0.0,0.0,0.0,-1.209681510925293,-1.6857411861419678,0.3524707853794098,-0.8365839123725891,-0.9336026310920715,0.3385649025440216
61,12.261,1,0.7651888132095337,0,0,1.2780042886734009,12.294474601745605,-8.42222785949707,0.099998340010643,13.559039115905762,-8.607083320617676,0.10000000149011612,11.51023006439209,-7.643506050109863,0.3701939880847931,2.2680014808429405e-05,6.437135198211763e-06,-1.3460261470754631e-05,-1.2473883628845215,-0.9709903001785278,-0.005113549530506134,-0.8475496768951416,-0.7491391897201538,-0.0051135048270225525
62,12.462,2,0.8159130215644836,0,0,1.2780042886734009,12.294474601745605,-8.42222785949707,0.099998340010643,13.559039115905762,-8.607083320617676,0.10000000149011612,11.540629386901855,-7.8234543800354,0.39558660984039307,2.2695698135066777e-05,6.440476681746077e-06,-1.346601675322745e-05,-1.4430533647537231,-1.0522958040237427,-0.11592759937047958,-0.894310712814331,-0.782697319984436,-0.11541105806827545
63,12.663,3,0.8381639122962952,0,0,1.2780042886734009,12.294474601745605,-8.42222785949707,0.099998340010643,13.559039115905762,-8.607083320617676,0.10000000149011612,11.569371223449707,-8.018918991088867,0.4009735882282257,2.3340606276178733e-05,6.3616212173656095e-06,-1.3452727216645144e-05,-1.2078980207443237,-1.2200615406036377,-0.3433530926704407,-0.8360478281974792,-0.839672327041626,-0.33046755194664
64,12.864,4,0.8442184329032898,0,0,1.2780042886734009,12.294474601745605,-8.42222785949707,0.099998340010643,13.559039115905762,-8.607083320617676,0.10000000149011612,11.605157852172852,-8.214822769165039,0.4095231890678406,2.2650789105682634e-05,5.453829999169102e-06,-1.1155842912558e-05,-1.3269333839416504,-0.8890785574913025,-0.7328294515609741,-0.8684978485107422,-0.7109383344650269,-0.6247934103012085
65,13.065000000000001,5,0.8397106528282166,0,0,1.2780042886734009,12.294474601745605,-8.42222785949707,0.099998340010643,13.559039115905762,-8.607083320617676,0.10000000149011612,11.630681037902832,-8.41176700592041,0.410381019115448,2.236699037894141e-05,6.217597274371656e-06,-1.329599126620451e-05,-0.9098525047302246,-0.7680402398109436,-1.522091031074524,-0.7210614681243896,-0.6457884311676025,-0.9090613722801208
66,13.266,6,0.7896178364753723,0,0,1.2780042886734009,12.294474601745605,-8.42222785949707,0.099998340010643,13.559039115905762,-8.607083320617676,0.10000000149011612,11.62801742553711,-8.6018648147583,0.4017501473426819,2.276661507494282e-05,5.530082489713095e-06,-1.1179076864209492e-05,-1.0125160217285156,0.3735496401786804,-2.188410997390747,-0.7668006420135498,0.35709261894226074,-0.9751814007759094
67,13.467,7,0.7652466297149658,0,0,1.2780042886734009,12.294474601745605,-8.42222785949707,0.0999983623623848,13.559039115905762,-8.607083320617676,0.10000000149011612,11.58540153503418,-8.751644134521484,0.401353120803833,2.529796574890497e-06,2.584801563898509e-07,-6.8985659709142055e-06,-0.23485234379768372,-0.23966987431049347,-2.3533809185028076,-0.23062771558761597,-0.23518390953540802,-0.9820938110351562
68,13.668000000000001,8,0.7471825480461121,0,0,1.2780042886734009,12.294474601745605,-8.42222785949707,0.0999983698129654,13.559039115905762,-8.607083320617676,0.10000000149011612,11.509503364562988,-8.856841087341309,0.38439059257507324,5.860016244696453e-06,-1.340687958872877e-05,-4.647369223675923e-06,-0.8996150493621826,0.6588562726974487,-2.541337251663208,-0.716110348701477,0.5776017904281616,-0.9876698851585388
69,13.869000000000002,9,0.7420988082885742,0,0,1.2780042886734009,12.294474601745605,-8.42222785949707,0.0999983474612236,13.559039115905762,-8.607083320617676,0.10000000149011612,11.428384780883789,-8.912622451782227,0.3823147714138031,2.1297926650731824e-05,6.809871138102608e-06,-1.587266342539806e-05,-0.3479500710964203,-0.08417870104312897,-2.558377981185913,-0.3345562815666199,-0.08398043364286423,-0.9880805611610413
70,14.07,10,0.7295774221420288,0,0,1.2780042886734009,12.294474601745605,-8.42222785949707,0.0999983623623848,13.559039115905762,-8.607083320617676,0.10000000149011612,11.366204261779785,-8.920494079589844,0.38638919591903687,2.6684349450079026e-06,-6.889763426443096e-07,-4.688748504122486e-06,-0.7814692258834839,0.9704788327217102,-2.659870147705078,-0.6535491943359375,0.7489145994186401,-0.9902596473693848
71,14.270999999999999,11,0.7331233620643616,0,0,1.2780042886734009,12.294474601745605,-8.42222785949707,0.0999983549118042,13.559039115905762,-8.607083320617676,0.10000000149011612,11.269956588745117,-8.906197547912598,0.41278794407844543,2.0780675185960717e-05,7.011907655396499e-06,-1.6724834495107643e-05,-0.2991006374359131,0.3798031806945801,-2.642334222793579,-0.2904893159866333,0.3625364899635315,-0.9899137020111084
72,14.472,12,0.7485800385475159,0,0,1.2780042886734009,12.294474601745605,-8.42222785949707,0.0999983623623848,13.559039115905762,-8.607083320617676,0.10000000149011612,11.19922924041748,-8.859745979309082,0.3982124924659729,2.584450385256787e-06,-7.532116228503583e-07,-4.652384177461499e-06,-0.3473091721534729,0.6683498024940491,-2.667022466659546,-0.3339869976043701,0.5838932991027832,-0.9903972744941711
73,14.673,13,0.7568411827087402,0,0,1.2780042886734009,12.294474601745605,-8.42222785949707,0.09999833256006241,13.559039115905762,-8.607083320617676,0.10000000149011612,11.154099464416504,-8.791913032531738,0.38576075434684753,2.28763328777859e-05,6.06165031058481e-06,-1.3255847989057656e-05,-0.830713152885437,1.0801953077316284,-2.457263231277466,-0.6808587312698364,0.793271541595459,-0.9854285717010498
74,14.874,14,0.7613835334777832,0,0,1.2780042886734009,12.294474601745605,-8.42222785949707,0.0999983623623848,13.559039115905762,-8.607083320617676,0.10000000149011612,11.153816223144531,-8.694232940673828,0.3881929814815521,2.9218217605375685e-06,-6.196854656081996e-07,-4.764675395563245e-06,-0.5267195701599121,1.1538712978363037,-2.5535812377929688,-0.48286953568458557,0.8190325498580933,-0.9879663586616516
75,15.075000000000001,15,0.7853012681007385,0,0,1.2780042886734009,12.294474601745605,-8.42222785949707,0.0999983474612236,13.559039115905762,-8.607083320617676,0.10000000149011612,11.173299789428711,-8.559636116027832,0.39084863662719727,2.163560020562727e-05,6.0598326854233164e-06,-1.3648500498675276e-05,-0.552812933921814,1.383301019668579,-2.452352523803711,-0.5026254653930664,0.8816882967948914,-0.9852858185768127
76,15.276,16,0.8048707842826843,0,0,1.2780042886734009,12.294474601745605,-8.42222785949707,0.0999983623623848,13.559039115905762,-8.607083320617676,0.10000000149011612,11.236183166503906,-8.434106826782227,0.39505186676979065,2.6281666123395553e-06,-3.1785936105421797e-09,-6.857046173536219e-06,-0.6426894068717957,1.4955413341522217,-2.3224921226501465,-0.5667279362678528,0.9043392539024353,-0.9809635877609253
77,15.477,17,0.8215498328208923,0,0,1.2780042886734009,12.294474601745605,-8.42222785949707,0.0999983474612236,13.559039115905762,-8.607083320617676,0.10000000149011612,11.338445663452148,-8.310102462768555,0.3909572660923004,2.25457624765113e-05,6.558351742569357e-06,-1.387672728014877e-05,-0.5524385571479797,1.5154751539230347,-2.2056174278259277,-0.502345621585846,0.9079058766365051,-0.9760108590126038
78,15.678,18,0.8415163159370422,0,0,1.2780042886734009,12.294474601745605,-8.42222785949707,0.0999983549118042,13.559039115905762,-8.607083320617676,0.10000000149011612,11.477788925170898,-8.204408645629883,0.3888513445854187,2.2151707526063547e-05,5.91032357988297e-06,-1.2428799891495146e-05,-0.7087403535842896,1.5922110080718994,-2.0884127616882324,-0.6098864078521729,0.920487642288208,-0.9697696566581726
79,15.879000000000001,19,0.8712462782859802,0,0,1.2780042886734009,12.294474601745605,-8.42222785949707,0.099998340010643,13.559039115905762,-8.607083320617676,0.10000000149011612,11.641818046569824,-8.118325233459473,0.3770819902420044,2.2850246750749648e-05,6.87754572936683e-06,-1.538979631732218e-05,-0.8523492813110352,1.6838324069976807,-2.009753942489624,-0.6922947764396667,0.9333571195602417,-0.9647102355957031
80,16.08,20,0.892544150352478,0,0,1.2780042886734009,12.294474601745605,-8.42222785949707,0.099998340010643,13.559039115905762,-8.607083320617676,0.10000000149011612,11.827393531799316,-8.035032272338867,0.3852151930332184,2.272312303830404e-05,6.798810318286996e-06,-1.536273157398682e-05,-0.7747008204460144,1.827028512954712,-2.0325868129730225,-0.6496546268463135,0.94953453540802,-0.9662590026855469
81,16.281,21,0.8545618653297424,0,0,1.2763079404830933,12.296011924743652,-8.423441886901855,0.0999983698129654,13.559039115905762,-8.607083320617676,0.10000000149011612,12.034631729125977,-7.987058639526367,0.39758560061454773,0.050849270075559616,-0.03995349630713463,-2.7459923330752645e-06,-0.7889849543571472,1.784198522567749,-1.930356740951538,-0.6578336358070374,0.9451448917388916,-0.9587622284889221
82,16.482,22,0.9535314440727234,0,0,1.251810908317566,12.319348335266113,-8.433309555053711,0.10094046592712402,13.559039115905762,-8.607083320617676,0.10000000149011612,12.249922752380371,-7.995154857635498,0.38933974504470825,0.871396541595459,-0.3783242106437683,-0.016094870865345,-0.5756475329399109,0.933050811290741,-0.5915400981903076,-0.5194947123527527,0.7320131063461304,-0.5310023427009583
83,16.683,23,1.0119811296463013,0,0,1.1038621664047241,12.460144996643066,-8.502472877502441,0.09999831765890121,13.559039115905762,-8.607083320617676,0.10000000149011612,12.455931663513184,-8.010329246520996,0.3819679915904999,0.4102185368537903,-0.30246230959892273,-3.597407385314e-06,-0.6007821559906006,1.552283763885498,-1.1766743659973145,-0.537605881690979,0.9141615033149719,-0.8264000415802002
84,16.884,24,1.0356181859970093,0,0,1.0407989025115967,12.518468856811523,-8.5852689743042,0.09999831765890121,13.559039115905762,-8.607083320617676,0.10000000149011612,12.634434700012207,-8.048293113708496,0.3990366458892822,0.13828645646572113,-0.39258894324302673,-4.096735574421473e-05,-0.5389114618301392,1.3319835662841797,-1.1898061037063599,-0.4921635389328003,0.8697333335876465,-0.8305187225341797
85,17.085,25,1.0364964008331299,0,0,1.0321424007415771,12.526963233947754,-8.618797302246094,0.09999832510948181,13.559039115905762,-8.607083320617676,0.10000000149011612,12.791954040527344,-8.125948905944824,0.39996621012687683,7.8025796028669e-06,-3.2440457289339975e-05,-1.91119088412961e-05,-0.8111714124679565,1.6323955059051514,-1.7047451734542847,-0.6702359914779663,0.9264019727706909,-0.9359996318817139
86,17.286,26,1.0348758697509766,0,0,1.0321424007415771,12.526963233947754,-8.618797302246094,0.099998340010643,13.559039115905762,-8.607083320617676,0.10000000149011612,12.929438591003418,-8.248811721801758,0.39486977458000183,7.476457994926022e-06,-3.3095391700044274e-05,-1.7483198462286964e-05,-0.7329768538475037,1.4611480236053467,-1.6881431341171265,-0.6248831748962402,0.8978753089904785,-0.9339102506637573
87,17.487000000000002,27,1.0193198919296265,0,0,1.0321424007415771,12.526963233947754,-8.618797302246094,0.09999831765890121,13.559039115905762,-8.607083320617676,0.10000000149011612,13.061665534973145,-8.396838188171387,0.38213202357292175,6.061365638743155e-06,-3.3258471376029775e-05,-1.3906557796872221e-05,-0.95432448387146,1.2573978900909424,-1.6026835441589355,-0.7417346239089966,0.8503451347351074,-0.9220715165138245
88,17.688000000000002,28,1.0005062818527222,0,0,1.0321424007415771,12.526963233947754,-8.618797302246094,0.09999833256006241,13.559039115905762,-8.607083320617676,0.10000000149011612,13.177488327026367,-8.562612533569336,0.39100176095962524,6.708422006340697e-06,-3.4303684515180066e-05,-1.4118762919679284e-05,-0.7655348181724548,1.0925124883651733,-1.5700855255126953,-0.6443254947662354,0.7977933287620544,-0.9170393943786621
89,17.889,29,0.9859248995780945,0,0,1.0321424007415771,12.526963233947754,-8.618797302246094,0.09999832510948181,13.559039115905762,-8.607083320617676,0.10000000149011612,13.257661819458008,-8.743515014648438,0.3941989541053772,7.093146450642962e-06,-3.44365653290879e-05,-1.4507662854157388e-05,-0.8289439678192139,0.8529986143112183,-1.6022361516952515,-0.6799085140228271,0.6926327347755432,-0.9220044612884521
90,18.09,30,0.9588685631752014,0,0,1.0321424007415771,12.526963233947754,-8.618797302246094,0.09999832510948181,13.559039115905762,-8.607083320617676,0.10000000149011612,13.297455787658691,-8.937873840332031,0.3890826404094696,9.091882020584308e-06,-3.3008989703375846e-05,-2.1532767277676612e-05,-0.47771599888801575,0.835968554019928,-1.8539717197418213,-0.44441258907318115,0.683667778968811,-0.9521185755729675
91,18.291,31,0.9468855261802673,0,0,1.0321424007415771,12.526963233947754,-8.618797302246094,0.09999830275774002,13.559039115905762,-8.607083320617676,0.10000000149011612,13.312948226928711,-9.140182495117188,0.37630584836006165,8.827666533761658e-06,-3.2008108973968774e-05,-2.256513289466966e-05,-0.6350278854370117,0.8212102651596069,-1.9032520055770874,-0.561504602432251,0.6757280826568604,-0.9565150141716003
92,18.492,32,0.9380962252616882,0,0,1.0321424007415771,12.526963233947754,-8.618797302246094,0.09999833256006241,13.559039115905762,-8.607083320617676,0.10000000149011612,13.295060157775879,-9.316778182983398,0.38644883036613464,9.190965101879556e-06,-3.3275882742600515e-05,-2.1659359845216386e-05,-0.5733229517936707,0.5606070160865784,-1.9892127513885498,-0.5177954435348511,0.508427619934082,-0.9632574915885925
93,18.693,33,0.9292066097259521,0,0,1.0321424007415771,12.526963233947754,-8.618797302246094,0.09999833256006241,13.559039115905762,-8.607083320617676,0.10000000149011612,13.245041847229004,-9.472875595092773,0.4012314975261688,7.593420377816074e-06,-3.506919529172592e-05,-1.5215675375657156e-05,-0.48582279682159424,0.7418935894966125,-2.149202346801758,-0.4508948028087616,0.6302878856658936,-0.9731839895248413
94,18.894000000000002,34,0.9256671667098999,0,0,1.0321424007415771,12.526963233947754,-8.618797302246094,0.09999831020832062,13.559039115905762,-8.607083320617676,0.10000000149011612,13.17237377166748,-9.605520248413086,0.392238587141037,8.877835171006154e-06,-3.189917333656922e-05,-2.2681262635160238e-05,-0.5403485894203186,0.5788833498954773,-2.1840107440948486,-0.493251770734787,0.5218533277511597,-0.9749647378921509
95,19.095000000000002,35,0.9231842160224915,0,0,1.0321424007415771,12.526963233947754,-8.618797302246094,0.09999831765890121,13.559039115905762,-8.607083320617676,0.10000000149011612,13.078866004943848,-9.71121883392334,0.3805066645145416,7.84517851570854e-06,-3.2782067137304693e-05,-1.9112549125566147e-05,-0.7483110427856445,0.5906894207000732,-2.270098924636841,-0.6341402530670166,0.530391275882721,-0.9788827300071716
96,19.296000000000003,36,0.917489767074585,0,0,1.0321424007415771,12.526963233947754,-8.618797302246094,0.09999831020832062,13.559039115905762,-8.607083320617676,0.10000000149011612,12.968320846557617,-9.80616569519043,0.3977016508579254,9.812503776629455e-06,-3.195518729626201e-05,-2.4254428353742696e-05,-0.6291340589523315,0.4861873984336853,-2.3698272705078125,-0.5574556589126587,0.4511852264404297,-0.9826681613922119
97,19.497,37,0.9134504795074463,0,0,1.0321424007415771,12.526963233947754,-8.618797302246094,0.09999833256006241,13.559039115905762,-8.607083320617676,0.10000000149011612,12.85068416595459,-9.881438255310059,0.4004994034767151,9.314727321907412e-06,-3.329494938952848e-05,-2.1585607100860216e-05,-0.3628094494342804,0.5619904398918152,-2.414144277572632,-0.347686231136322,0.5094527006149292,-0.9841265678405762
98,19.698,38,0.9011664390563965,0,0,1.0321424007415771,12.526963233947754,-8.618797302246094,0.09999832510948181,13.559039115905762,-8.607083320617676,0.10000000149011612,12.726021766662598,-9.92361068725586,0.39338022470474243,7.009114597167354e-06,-3.326423393446021e-05,-1.5537678336841054e-05,-0.8107645511627197,0.49946194887161255,-2.3300600051879883,-0.6700118184089661,0.4616939425468445,-0.981246829032898
99,19.898999999999997,39,0.913963258266449,0,0,1.0321424007415771,12.526963233947754,-8.618797302246094,0.09999831765890121,13.559039115905762,-8.607083320617676,0.10000000149011612,12.60223388671875,-9.928559303283691,0.3793402910232544,6.043994289939292e-06,-3.3548618375789374e-05,-1.3982623386255e-05,-0.7199709415435791,0.4208267331123352,-2.513418436050415,-0.6168912649154663,0.397626668214798,-0.9869664311408997
100,20.099999999999998,40,0.9232689738273621,0,0,1.0321424007415771,12.526963233947754,-8.618797302246094,0.09999831020832062,13.559039115905762,-8.607083320617676,0.10000000149011612,12.460718154907227,-9.923567771911621,0.3970223367214203,9.668922757555265e-06,-3.3392003388144076e-05,-2.3086960936780088e-05,-0.5601375102996826,0.3770133852958679,-2.5104198455810547,-0.5080794095993042,0.36011093854904175,-0.9868885278701782
101,20.301,41,0.9172161817550659,0,0,1.0321424007415771,12.526963233947754,-8.618797302246094,0.09999833256006241,13.559039115905762,-8.607083320617676,0.10000000149011612,12.325313568115234,-9.90701961517334,0.3959921896457672,7.01702811056748e-06,-3.425844624871388e-05,-1.516597876616288e-05,-0.5562397837638855,0.6070937514305115,-2.433464527130127,-0.505182147026062,0.5420781373977661,-0.9847236275672913
102,20.502,42,0.929535448551178,0,0,1.0321424007415771,12.526963233947754,-8.618797302246094,0.099998340010643,13.559039115905762,-8.607083320617676,0.10000000149011612,12.204963684082031,-9.858540534973145,0.392976313829422,6.5246417761954945e-06,-3.355124135850929e-05,-1.4510694199998397e-05,-0.5638639330863953,0.6115574240684509,-2.3559272289276123,-0.5108386278152466,0.5452224612236023,-0.9821839332580566
103,20.703,43,0.9212207794189453,0,0,1.0321424007415771,12.526963233947754,-8.618797302246094,0.09999832510948181,13.559039115905762,-8.607083320617676,0.10000000149011612,12.100374221801758,-9.791000366210938,0.3817388713359833,6.734893304383149e-06,-3.408566044527106e-05,-1.4170948816172313e-05,-1.0369242429733276,0.698133111000061,-2.310732364654541,-0.7766705751419067,0.6031814813613892,-0.9805149435997009
104,20.904,44,0.9309827089309692,0,0,1.0321424007415771,12.526963233947754,-8.618797302246094,0.09999830275774002,13.559039115905762,-8.607083320617676,0.10000000149011612,11.978620529174805,-9.703259468078613,0.40344080328941345,6.071503321436467e-06,-3.288856169092469e-05,-1.4408452443603892e-05,-0.8513765931129456,0.8159211874008179,-2.358994245529175,-0.6917879581451416,0.6728437542915344,-0.9822919368743896
105,21.105,45,0.9523797631263733,0,0,1.0321424007415771,12.526963233947754,-8.618797302246094,0.09999832510948181,13.559039115905762,-8.607083320617676,0.10000000149011612,11.879246711730957,-9.58006763458252,0.39649906754493713,9.091972970054485e-06,-3.300881871837191e-05,-2.153190871467814e-05,-0.8617010116577148,0.8732640147209167,-2.2522377967834473,-0.6971330642700195,0.703028678894043,-0.9781231880187988
106,21.306,46,0.9676820635795593,0,0,1.0321424007415771,12.526963233947754,-8.618797302246094,0.09999832510948181,13.559039115905762,-8.607083320617676,0.10000000149011612,11.813456535339355,-9.430188179016113,0.3888292908668518,6.6702991716738325e-06,-3.371715501998551e-05,-1.4476361684501171e-05,-0.8205511569976807,0.9291782975196838,-2.2008752822875977,-0.6753697395324707,0.730210542678833,-0.9757850170135498
107,21.507,47,0.9805272221565247,0,0,1.0321424007415771,12.526963233947754,-8.618797302246094,0.09999831765890121,13.559039115905762,-8.607083320617676,0.10000000149011612,11.777939796447754,-9.267776489257812,0.37741711735725403,6.720641067659017e-06,-3.401630965527147e-05,-1.4151731193123851e-05,-0.7423691153526306,1.0802489519119263,-2.151625633239746,-0.6305744051933289,0.7932913899421692,-0.9733119010925293
108,21.708000000000002,48,0.9985265135765076,0,0,1.0321424007415771,12.526963233947754,-8.618797302246094,0.09999831765890121,13.559039115905762,-8.607083320617676,0.10000000149011612,11.77164077758789,-9.098803520202637,0.3980015218257904,9.344422323920298e-06,-3.296153590781614e-05,-2.192284955526702e-05,-0.6417204141616821,1.0896480083465576,-2.1521873474121094,-0.5660698413848877,0.7967495918273926,-0.9733414649963379
109,21.909000000000002,49,1.0160702466964722,0,0,1.0321424007415771,12.526963233947754,-8.618797302246094,0.09999832510948181,13.559039115905762,-8.607083320617676,0.10000000149011612,11.799630165100098,-8.925553321838379,0.3952445387840271,7.79315632826183e-06,-3.3552318200236186e-05,-1.7458763977629133e-05,-0.823290228843689,1.2382663488388062,-1.9997631311416626,-0.6768566370010376,0.8449604511260986,-0.9640108346939087
110,22.11,50,1.033517837524414,0,0,1.0321424007415771,12.526963233947754,-8.618797302246094,0.099998340010643,13.559039115905762,-8.607083320617676,0.10000000149011612,11.876116752624512,-8.763273239135742,0.38811567425727844,8.220450581575278e-06,-3.307804581709206e-05,-1.9501465430948883e-05,-0.4422248899936676,1.3090426921844482,-1.9798001050949097,-0.4154869616031647,0.8640329837799072,-0.9625722765922546
111,22.311,51,1.055253505706787,0,0,1.0321424007415771,12.526963233947754,-8.618797302246094,0.09999832510948181,13.559039115905762,-8.607083320617676,0.10000000149011612,11.987531661987305,-8.62746810913086,0.38617751002311707,7.906915925559588e-06,-3.3920961868716404e-05,-1.7346286767860875e-05,-0.8820651769638062,1.4300620555877686,-1.8871350288391113,-0.7074524164199829,0.8916793465614319,-0.9551224112510681
112,22.512,52,1.018667459487915,0,0,1.0321424007415771,12.526963233947754,-8.618797302246094,0.09999832510948181,13.559039115905762,-8.607083320617676,0.10000000149011612,12.111600875854492,-8.509432792663574,0.38873493671417236,6.778433998988476e-06,-3.3621618058532476e-05,-1.4541345990437549e-05,-0.6451693177223206,1.6213293075561523,-2.042184352874756,-0.5684089660644531,0.9248168468475342,-0.9668898582458496
113,22.713,53,1.2025583982467651,0,0,0.8906007409095764,12.668636322021484,-8.588306427001953,0.09999831020832062,13.559039115905762,-8.607083320617676,0.10000000149011612,12.254731178283691,-8.419857025146484,0.39874178171157837,1.4106274843215942,0.30882614850997925,-3.267396323280991e-06,-0.13398760557174683,-0.4517160654067993,0.6399896144866943,-0.13319151103496552,-0.4233086109161377,0.5648925304412842
114,22.914,54,1.3783842325210571,0,0,0.6821820139884949,12.880244255065918,-8.53918743133545,0.09999828040599823,13.559039115905762,-8.607083320617676,0.10000000149011612,12.376821517944336,-8.397536277770996,0.37478965520858765,0.7050544619560242,0.1821121871471405,-5.221337460170616e-07,-0.7723751068115234,1.2487856149673462,-0.42202794551849365,-0.6483083963394165,0.8479427695274353,-0.3986375033855438
115,23.115000000000002,55,1.438193440437317,0,0,0.6144627332687378,12.951047897338867,-8.518138885498047,0.09999827295541763,13.559039115905762,-8.607083320617676,0.10000000149011612,12.46325969696045,-8.386346817016602,0.3786965608596802,0.0157534871250391,0.010509572923183441,-2.432403789498494e-06,-0.7861620783805847,1.3977106809616089,-1.3738116025924683,-0.6562293767929077,0.8848558068275452,-0.8795579671859741
116,23.316000000000003,56,1.5917637348175049,0,0,0.6144412159919739,12.951072692871094,-8.518117904663086,0.09999826550483704,13.559039115905762,-8.607083320617676,0.10000000149011612,12.610660552978516,-8.319040298461914,0.39851492643356323,-3.128691605525091e-05,3.745884168893099e-05,-5.5799314395699184e-06,-0.5125709176063538,1.556406855583191,-1.7948044538497925,-0.47194594144821167,0.9148364067077637,-0.9462653398513794
117,23.517000000000003,57,1.9512572288513184,0,0,0.4160953760147095,13.148087501525879,-8.54185962677002,0.09999824315309525,13.559039115905762,-8.607083320617676,0.10000000149011612,12.765302658081055,-8.283462524414062,0.3919139802455902,1.1909570693969727,-0.1364741176366806,-2.655495563885779e-06,-0.11074157804250717,-0.2862778902053833,0.6154820919036865,-0.11029109358787537,-0.2787053883075714,0.5479745864868164
118,23.718,58,2.137826442718506,0,0,0.24783426523208618,13.31655502319336,-8.555865287780762,0.09999822825193405,13.559039115905762,-8.607083320617676,0.10000000149011612,12.873420715332031,-8.30691146850586,0.3810361325740814,0.4913807809352875,-0.01088936161249876,-2.3766667709423928e-06,-0.8021514415740967,1.274387240409851,-0.4420311152935028,-0.6652378439903259,0.8549822568893433,-0.41532662510871887
119,23.919,59,2.187749147415161,0,0,0.21240608394145966,13.353133201599121,-8.554938316345215,0.09999822825193405,13.559039115905762,-8.607083320617676,0.10000000149011612,12.949991226196289,-8.29454517364502,0.3777637183666229,-1.6973384845186956e-05,-7.093694875948131e-06,-1.556881397846155e-05,-0.7140414714813232,1.3899567127227783,-1.2356321811676025,-0.6132048964500427,0.8831613659858704,-0.8442052602767944
120,24.119999999999997,60,204.00885009765625,1,0,0.21240608394145966,13.353133201599121,-8.554938316345215,0.09999820590019226,13.559039115905762,-8.607083320617676,0.10000000149011612,13.1158447265625,-8.243789672851562,0.3945673406124115,-1.5128814993659034e-05,-5.167972631170414e-06,-1.269182212126907e-05,-0.6058834195137024,1.592591404914856,-1.7271537780761719,-0.5412228107452393,0.9205456972122192,-0.9387186765670776
121,24.320999999999998,0,0.8685449957847595,0,0,1.1060293912887573,12.428000450134277,-7.6010422706604,0.10000000149011612,13.12007999420166,-6.738298416137695,0.10000000149011612,11.549430847167969,-7.392013072967529,0.3499999940395355,0.0,0.0,0.0,-0.1218869686126709,1.3340821266174316,-2.3959569931030273,-0.12128693610429764,0.870243489742279,-0.9835433959960938
122,24.522,1,0.9017331004142761,0,0,1.1060293912887573,12.428000450134277,-7.6010422706604,0.09999831765890121,13.12007999420166,-6.738298416137695,0.10000000149011612,11.540291786193848,-7.345771312713623,0.3705756962299347,3.220101643819362e-05,7.152650141506456e-06,-1.5743904441478662e-05,-0.16824999451637268,1.6692371368408203,-2.4387905597686768,-0.16668017208576202,0.9314507246017456,-0.9848842620849609
123,24.723,2,0.94083172082901,0,0,1.1060293912887573,12.428000450134277,-7.6010422706604,0.09999833256006241,13.12007999420166,-6.738298416137695,0.10000000149011612,11.608183860778809,-7.266234874725342,0.3985615372657776,9.610965207684785e-06,-4.0714354554438614e-07,-1.1207905117771588e-05,-0.2616859972476959,1.8057345151901245,-2.378962516784668,-0.25587180256843567,0.9473966360092163,-0.9829792976379395
124,24.924,3,0.9460321068763733,0,0,1.1060293912887573,12.428000450134277,-7.6010422706604,0.0999983549118042,13.12007999420166,-6.738298416137695,0.10000000149011612,11.728189468383789,-7.194404602050781,0.3796835243701935,3.161754284519702e-05,8.354380952368956e-06,-1.92843763215933e-05,-0.49414142966270447,1.8326990604400635,-2.2242355346679688,-0.4574972689151764,0.9500894546508789,-0.9768775701522827
125,25.125,4,0.9564759135246277,0,0,1.1060293912887573,12.428000450134277,-7.6010422706604,0.099998340010643,13.12007999420166,-6.738298416137695,0.10000000149011612,11.86605453491211,-7.104045867919922,0.37311968207359314,3.334332723170519e-05,6.920078249095241e-06,-1.5739416994620115e-05,-0.5557023882865906,1.8936351537704468,-2.182605028152466,-0.5047817826271057,0.9556892514228821,-0.974895179271698
126,25.326,5,0.9630356431007385,0,0,1.1060293912887573,12.428000450134277,-7.6010422706604,0.0999983474612236,13.12007999420166,-6.738298416137695,0.10000000149011612,12.023537635803223,-7.0090813636779785,0.380241721868515,3.1158997444435954e-05,8.537233043171e-06,-1.956900996447075e-05,-0.5263863801956177,1.8360941410064697,-2.0334510803222656,-0.4826139807701111,0.9504188299179077,-0.966316282749176
127,25.527,6,0.9541149735450745,0,0,1.1060293912887573,12.428000450134277,-7.6010422706604,0.09999833256006241,13.12007999420166,-6.738298416137695,0.10000000149011612,12.204268455505371,-6.934012413024902,0.39082035422325134,3.203005326213315e-05,7.319847554754233e-06,-1.607107878953684e-05,-0.6614242792129517,1.6935112476348877,-1.8502986431121826,-0.5793104767799377,0.9345929622650146,-0.9517740607261658
128,25.728,7,0.9494616389274597,0,0,1.1060293912887573,12.428000450134277,-7.6010422706604,0.09999832510948181,13.12007999420166,-6.738298416137695,0.10000000149011612,12.396867752075195,-6.876265525817871,0.38451069593429565,3.0219605832826346e-05,7.011542038526386e-06,-1.691561919869855e-05,-0.8282585144042969,1.6208856105804443,-1.772585153579712,-0.6795397996902466,0.9247525930404663,-0.9438920617103577
129,25.929000000000002,8,0.9351480603218079,0,0,1.1060293912887573,12.428000450134277,-7.6010422706604,0.09999833256006241,13.12007999420166,-6.738298416137695,0.10000000149011612,12.596232414245605,-6.848316192626953,0.38464778661727905,3.411437137401663e-05,6.327500614133896e-06,-1.3333170500118285e-05,-0.8400090336799622,1.4839668273925781,-1.6504806280136108,-0.685813844203949,0.9022085666656494,-0.9289235472679138
130,26.130000000000003,9,0.9212003350257874,0,0,1.1060293912887573,12.428000450134277,-7.6010422706604,0.099998340010643,13.12007999420166,-6.738298416137695,0.10000000149011612,12.807578086853027,-6.84217643737793,0.39276957511901855,3.131236371700652e-05,9.131627848546486e-06,-2.136289003829006e-05,-0.909793496131897,1.3228166103363037,-1.5209896564483643,-0.7210331559181213,0.8674826622009277,-0.9088699817657471
131,26.331,10,0.9027945399284363,0,0,1.1060293912887573,12.428000450134277,-7.6010422706604,0.0999983474612236,13.12007999420166,-6.738298416137695,0.10000000149011612,13.017546653747559,-6.8664445877075195,0.3930807411670685,3.226286935387179e-05,6.987721462792251e-06,-1.490410249971319e-05,-0.8974900841712952,1.039427399635315,-1.4007765054702759,-0.7150735855102539,0.7776618599891663,-0.8855193853378296
132,26.532,11,0.873305082321167,0,0,1.1060293912887573,12.428000450134277,-7.6010422706604,0.099998340010643,13.12007999420166,-6.738298416137695,0.10000000149011612,13.222789764404297,-6.92087459564209,0.39093565940856934,3.3785476261982694e-05,6.535487500514137e-06,-1.3770665646006819e-05,-0.4164544641971588,1.0456559658050537,-1.7889610528945923,-0.3939393162727356,0.7801117897033691,-0.9456508159637451
133,26.733,12,0.8674481511116028,0,0,1.1060293912887573,12.428000450134277,-7.6010422706604,0.0999983549118042,13.12007999420166,-6.738298416137695,0.10000000149011612,13.402448654174805,-7.004636287689209,0.37613439559936523,3.273285256000236e-05,7.183475645433646e-06,-1.498970505053876e-05,-0.5945770740509033,1.035919189453125,-1.8886456489562988,-0.533179521560669,0.7762714624404907,-0.9552547931671143
134,26.934,13,0.8679346442222595,0,0,1.1060293912887573,12.428000450134277,-7.6010422706604,0.09999833256006241,13.12007999420166,-6.738298416137695,0.10000000149011612,13.534313201904297,-7.108928680419922,0.38688451051712036,3.263789039920084e-05,6.774991561542265e-06,-1.3971129192213994e-05,-0.4428744614124298,0.9615996479988098,-2.0025575160980225,-0.41602426767349243,0.7449895143508911,-0.9642078280448914
135,27.135,14,0.8627570271492004,0,0,1.1060293912887573,12.428000450134277,-7.6010422706604,0.09999832510948181,13.12007999420166,-6.738298416137695,0.10000000149011612,13.634737968444824,-7.233450889587402,0.3891075551509857,3.097804801655002e-05,6.929175469849724e-06,-1.638459252717439e-05,-0.6429847478866577,0.8471003770828247,-1.9832918643951416,-0.5669283866882324,0.689551591873169,-0.9628279209136963
136,27.336000000000002,15,0.8649923205375671,0,0,1.1060293912887573,12.428000450134277,-7.6010422706604,0.099998340010643,13.12007999420166,-6.738298416137695,0.10000000149011612,13.701664924621582,-7.3819050788879395,0.3876175880432129,9.496875463810284e-06,-1.5356891935880412e-06,-8.882226211426314e-06,-0.5685395002365112,0.8986983299255371,-2.1354191303253174,-0.5142858028411865,0.7156634330749512,-0.9724448323249817
137,27.537000000000003,16,0.860393226146698,0,0,1.1060293912887573,12.428000450134277,-7.6010422706604,0.09999833256006241,13.12007999420166,-6.738298416137695,0.10000000149011612,13.746480941772461,-7.5451741218566895,0.3801502287387848,3.099925015703775e-05,6.097321147535695e-06,-1.4190285583026707e-05,-0.7242393493652344,0.7663348317146301,-2.1490108966827393,-0.6195284128189087,0.6447931528091431,-0.9731738567352295
138,27.738000000000003,17,0.8541464805603027,0,0,1.1060293912887573,12.428000450134277,-7.6010422706604,0.09999833256006241,13.12007999420166,-6.738298416137695,0.10000000149011612,13.773955345153809,-7.710497856140137,0.3930005133152008,3.2478597859153524e-05,7.006400210229913e-06,-1.437457831343636e-05,-0.49192968010902405,0.7385284900665283,-2.291322708129883,-0.45574668049812317,0.628255307674408,-0.979751467704773
139,27.939,18,0.8593970537185669,0,0,1.1060293912887573,12.428000450134277,-7.6010422706604,0.099998340010643,13.12007999420166,-6.738298416137695,0.10000000149011612,13.771624565124512,-7.871972560882568,0.3945878744125366,2.9828290280420333e-05,8.3465038187569e-06,-2.101404606946744e-05,-0.5452346801757812,0.6449140906333923,-2.265321969985962,-0.49694016575813293,0.5682361721992493,-0.9786822199821472
140,28.14,19,0.855702817440033,0,0,1.1060293912887573,12.428000450134277,-7.6010422706604,0.099998340010643,13.12007999420166,-6.738298416137695,0.10000000149011612,13.733725547790527,-8.020532608032227,0.38334420323371887,3.282007673988119e-05,8.137128133967053e-06,-1.8007653125096112e-05,-0.8902886509895325,0.662891685962677,-2.2767608165740967,-0.7115362882614136,0.580284595489502,-0.9791593551635742
141,28.340999999999998,20,0.8567692637443542,0,0,1.1060293912887573,12.428000450134277,-7.6010422706604,0.0999983549118042,13.12007999420166,-6.738298416137695,0.10000000149011612,13.672783851623535,-8.164163589477539,0.37892597913742065,3.221096994820982e-05,7.861822268750984e-06,-1.7035285054589622e-05,-0.7345672845840454,0.6404394507408142,-2.4148454666137695,-0.6258516311645508,0.5651986598968506,-0.9841486811637878
142,28.541999999999998,21,0.8648456931114197,0,0,1.1060293912887573,12.428000450134277,-7.6010422706604,0.099998340010643,13.12007999420166,-6.738298416137695,0.10000000149011612,13.591307640075684,-8.313277244567871,0.396755576133728,3.27044035657309e-05,6.788863174733706e-06,-1.410369441146031e-05,-0.5702109336853027,0.5754052400588989,-2.4119908809661865,-0.5155141353607178,0.5193178057670593,-0.9840586185455322
143,28.743,22,0.8572452068328857,0,0,1.1060293912887573,12.428000450134277,-7.6010422706604,0.09999832510948181,13.12007999420166,-6.738298416137695,0.10000000149011612,13.494771957397461,-8.445602416992188,0.38906368613243103,3.0295588658191264e-05,6.508215392386774e-06,-1.4958524843677878e-05,-0.7952670454978943,0.6743652820587158,-2.3309550285339355,-0.6613824367523193,0.5878440141677856,-0.9812800884246826
144,28.944,23,0.8533532619476318,0,0,1.1060293912887573,12.428000450134277,-7.6010422706604,0.0999983474612236,13.12007999420166,-6.738298416137695,0.10000000149011612,13.374797821044922,-8.549607276916504,0.39041414856910706,3.109755562036298e-05,7.272788025147747e-06,-1.713809797365684e-05,-0.4933710992336273,0.4524141550064087,-2.452817916870117,-0.45688796043395996,0.4238814413547516,-0.9852994084358215
145,29.145,24,0.8496654629707336,0,0,1.1060293912887573,12.428000450134277,-7.6010422706604,0.09999833256006241,13.12007999420166,-6.738298416137695,0.10000000149011612,13.249162673950195,-8.620193481445312,0.3843381404876709,3.142640343867242e-05,6.854221737739863e-06,-1.5900141079328023e-05,-1.0904468297958374,0.6300452351570129,-2.3696448802948,-0.7970411777496338,0.5580834150314331,-0.9826619029045105
146,29.346,25,0.8655041456222534,0,0,1.1060293912887573,12.428000450134277,-7.6010422706604,0.099998340010643,13.12007999420166,-6.738298416137695,0.10000000149011612,13.109904289245605,-8.674004554748535,0.3922708332538605,3.115308936685324e-05,6.5665572037687525e-06,-1.4881681636325084e-05,-0.8308011293411255,0.8242715001106262,-2.4884016513824463,-0.6809059381484985,0.677388072013855,-0.9863023161888123
147,29.547,26,0.8879221081733704,0,0,1.1060293912887573,12.428000450134277,-7.6010422706604,0.09999832510948181,13.12007999420166,-6.738298416137695,0.10000000149011612,12.957529067993164,-8.701098442077637,0.3984600901603699,3.149262920487672e-05,5.912094366067322e-06,-1.3097234841552563e-05,-0.8034560084342957,0.756161093711853,-2.388023853302002,-0.6659644842147827,0.6388101577758789,-0.9832824468612671
148,29.748,27,0.9029836058616638,0,0,1.1060293912887573,12.428000450134277,-7.6010422706604,0.099998340010643,13.12007999420166,-6.738298416137695,0.10000000149011612,12.799236297607422,-8.678581237792969,0.39576002955436707,3.1718362151877955e-05,6.716981715726433e-06,-1.4938641470507719e-05,-0.6903303861618042,0.7773512601852417,-2.414773464202881,-0.5981942415237427,0.6511837840080261,-0.9841464161872864
149,29.949,28,0.9095697999000549,0,0,1.1060293912887573,12.428000450134277,-7.6010422706604,0.0999983623623848,13.12007999420166,-6.738298416137695,0.10000000149011612,12.636699676513672,-8.630044937133789,0.3789884150028229,3.177656253683381e-05,6.603057045140304e-06,-1.4833211025688797e-05,-0.9198615550994873,0.9562233090400696,-2.298224449157715,-0.725831925868988,0.7425875663757324,-0.9800263047218323
150,30.150000000000002,29,0.9174808859825134,0,0,1.1060293912887573,12.428000450134277,-7.6010422706604,0.09999833256006241,13.12007999420166,-6.738298416137695,0.10000000149011612,12.487384796142578,-8.550750732421875,0.3859966993331909,3.113906132057309e-05,6.9381985667860135e-06,-1.6223151760641485e-05,-0.5341220498085022,0.7962711453437805,-2.397324562072754,-0.4885256886482239,0.6619470119476318,-0.9835879802703857
151,30.351000000000003,30,0.9411851763725281,0,0,1.1060293912887573,12.428000450134277,-7.6010422706604,0.0999983549118042,13.12007999420166,-6.738298416137695,0.10000000149011612,12.363423347473145,-8.448037147521973,0.3920727074146271,3.106140866293572e-05,6.689227575407131e-06,-1.5274668839992955e-05,-0.7173049449920654,1.0602598190307617,-2.214427947998047,-0.6152371168136597,0.7857632637023926,-0.9764249324798584
152,30.552,31,0.9769051671028137,0,0,1.1060293912887573,12.428000450134277,-7.6010422706604,0.09999833256006241,13.12007999420166,-6.738298416137695,0.10000000149011612,12.267792701721191,-8.31384563446045,0.3952031433582306,3.2918727811193094e-05,6.662799023615662e-06,-1.5608891771989875e-05,-0.5842240452766418,1.1346310377120972,-2.1416170597076416,-0.5257287621498108,0.8125982880592346,-0.9727796316146851
153,30.753,32,1.0035873651504517,0,0,1.1060293912887573,12.428000450134277,-7.6010422706604,0.0999983474612236,13.12007999420166,-6.738298416137695,0.10000000149011612,12.205824851989746,-8.155820846557617,0.38342100381851196,3.117083542747423e-05,7.531049504905241e-06,-1.7401196600985713e-05,-0.8736844658851624,1.2404735088348389,-2.0168588161468506,-0.7032412886619568,0.8455905914306641,-0.9651995301246643
154,30.954,33,1.0033257007598877,0,0,1.1060293912887573,12.428000450134277,-7.6010422706604,0.09999833256006241,13.12007999420166,-6.738298416137695,0.10000000149011612,12.164289474487305,-7.987304210662842,0.37062910199165344,3.306182406959124e-05,6.367310106725199e-06,-1.3964123354526237e-05,-0.8990709781646729,1.3710415363311768,-2.0753848552703857,-0.7158452272415161,0.8789293766021729,-0.9689840078353882
155,31.155,34,1.063187599182129,0,0,1.0516562461853027,12.435392379760742,-7.53653621673584,0.0999983474612236,13.12007999420166,-6.738298416137695,0.10000000149011612,12.14430046081543,-7.805426597595215,0.3967248797416687,0.04535145312547684,0.3712140619754791,-2.43827548729314e-06,-0.6049950122833252,1.2741297483444214,-1.6244949102401733,-0.5405943393707275,0.8549129962921143,-0.925273597240448
156,31.356,35,1.2150659561157227,0,0,0.9084815382957458,12.509929656982422,-7.4113922119140625,0.10443657636642456,13.12007999420166,-6.738298416137695,0.10000000149011612,12.158890724182129,-7.628371238708496,0.40012240409851074,0.7579541206359863,1.135119080543518,-0.2488356977701187,-0.6292821168899536,-0.3217424154281616,0.47651049494743347,-0.5575577020645142,-0.31108152866363525,0.4434446692466736
157,31.557000000000002,36,1.3128716945648193,0,0,0.7270434498786926,12.613286018371582,-7.259596824645996,0.09999829530715942,13.12007999420166,-6.738298416137695,0.10000000149011612,12.194270133972168,-7.482295036315918,0.38898965716362,0.309226393699646,0.44948258996009827,-3.5954060422227485e-06,-0.8207103610038757,1.5940003395080566,-1.0584536790847778,-0.6754562854766846,0.920760452747345,-0.7850713133811951
158,31.758000000000003,37,1.4070684909820557,0,0,0.6873651742935181,12.636137962341309,-7.226428508758545,0.09999829530715942,13.12007999420166,-6.738298416137695,0.10000000149011612,12.201269149780273,-7.3508405685424805,0.39675068855285645,-3.7972065911162645e-05,-2.57678530033445e-05,-3.7530180634348653e-06,-0.443856805562973,1.4892603158950806,-1.8389558792114258,-0.4168362617492676,0.9031885266304016,-0.9506947994232178
159,31.959000000000003,38,1.5689448118209839,0,0,0.5679385662078857,12.710406303405762,-7.131645202636719,0.09999830275774002,13.12007999420166,-6.738298416137695,0.10000000149011612,12.224058151245117,-7.21394157409668,0.37923896312713623,0.24809680879116058,0.31778764724731445,-3.272988351454842e-06,-0.8297204971313477,1.1623659133911133,-1.1202030181884766,-0.6803258657455444,0.8218094110488892,-0.807639479637146
160,32.16,39,1.8426806926727295,0,0,0.4262462556362152,12.814891815185547,-7.035865306854248,0.09999827295541763,13.12007999420166,-6.738298416137695,0.10000000149011612,12.280173301696777,-7.074005126953125,0.3869475722312927,0.6227774024009705,0.5431357026100159,-9.850274182099383e-06,-0.7963323593139648,0.6778777241706848,-0.2645305395126343,-0.6619813442230225,0.5901379585266113,-0.2585281729698181
161,32.361,40,1.8706114292144775,0,0,0.3356629014015198,12.883316040039062,-6.976232051849365,0.09999825805425644,13.12007999420166,-6.738298416137695,0.10000000149011612,12.383140563964844,-6.9526753425598145,0.4076575040817261,0.06559386849403381,0.05700584501028061,-1.3323036895940277e-08,-0.7068697214126587,1.568538784980774,-1.3204585313796997,-0.6087101697921753,0.9167929887771606,-0.8668979406356812
162,32.562,41,203.47279357910156,1,0,0.3347665071487427,12.883994102478027,-6.975642204284668,0.09999827295541763,13.12007999420166,-6.738298416137695,0.10000000149011612,12.5013427734375,-6.835853576660156,0.38968950510025024,-3.558424214133993e-05,-2.2067521058488637e-05,-1.6239004025919712e-06,-0.7903820872306824,1.6235876083374023,-1.6834917068481445,-0.6586254239082336,0.9251429438591003,-0.9333131909370422
163,32.763,0,1.15292227268219,0,0,0.7100732326507568,11.985196113586426,-7.613193511962891,0.10000000149011612,12.301859855651855,-8.248746871948242,0.10000000149011612,12.797760009765625,-8.690353393554688,0.3499999940395355,0.0,0.0,0.0,-1.5234675407409668,-0.6965017318725586,-0.3469638526439667,-0.9093000292778015,-0.6021425724029541,-0.3336801528930664
164,32.964,1,1.1477935314178467,0,0,0.7100732326507568,11.985196113586426,-7.613193511962891,0.09999839961528778,12.301859855651855,-8.248746871948242,0.10000000149011612,12.73280143737793,-8.755000114440918,0.3904889225959778,-5.055818837718107e-05,2.650815986271482e-05,-1.0535656656429637e-05,-1.65276038646698,0.2531430125236511,-0.8606311082839966,-0.9292354583740234,0.24787084758281708,-0.6965826749801636
165,33.165,2,1.169914722442627,0,0,0.7100732326507568,11.985196113586426,-7.613193511962891,0.09999839961528778,12.301859855651855,-8.248746871948242,0.10000000149011612,12.616289138793945,-8.853248596191406,0.41132572293281555,-5.0946135161211714e-05,2.5778794224606827e-05,-1.0688139809644781e-05,-1.5379929542541504,0.03833577781915665,-0.8706997632980347,-0.9117825031280518,0.038317009806632996,-0.7017294764518738
166,33.366,3,1.1957210302352905,0,0,0.7100732326507568,11.985196113586426,-7.613193511962891,0.09999839216470718,12.301859855651855,-8.248746871948242,0.10000000149011612,12.47420597076416,-8.919168472290039,0.4012916088104248,-5.10386707901489e-05,2.6044710466521792e-05,-1.1096105481556151e-05,-1.657366394996643,0.0478389710187912,-0.9504157304763794,-0.9298615455627441,0.04780251160264015,-0.7399711608886719
167,33.567,4,1.195253610610962,0,0,0.7100732326507568,11.985196113586426,-7.613193511962891,0.09999838471412659,12.301859855651855,-8.248746871948242,0.10000000149011612,12.315126419067383,-8.958910942077637,0.4071437418460846,-5.058589158579707e-05,2.5365168767166324e-05,-9.568982022756245e-06,-1.3734971284866333,0.20692865550518036,-1.0438482761383057,-0.8794867396354675,0.20402486622333527,-0.7794032096862793
168,33.768,5,1.1936765909194946,0,0,0.7100732326507568,11.985196113586426,-7.613193511962891,0.09999839961528778,12.301859855651855,-8.248746871948242,0.10000000149011612,12.155418395996094,-8.968389511108398,0.39731651544570923,-5.0351933168713003e-05,2.5740835553733632e-05,-9.750891877047252e-06,-1.5327852964401245,0.04242523014545441,-0.9780753254890442,-0.9108999967575073,0.04239979386329651,-0.7522315382957458
169,33.969,6,1.2037492990493774,0,0,0.7100732326507568,11.985196113586426,-7.613193511962891,0.09999838471412659,12.301859855651855,-8.248746871948242,0.10000000149011612,12.0057373046875,-8.942605018615723,0.4067164361476898,-5.036538641434163e-05,2.628768743306864e-05,-1.3880870028515346e-05,-1.4219179153442383,0.11462277173995972,-1.0428732633590698,-0.8899983763694763,0.11412341892719269,-0.7790201902389526
170,34.17,7,1.216575026512146,0,0,0.7100732326507568,11.985196113586426,-7.613193511962891,0.09999838471412659,12.301859855651855,-8.248746871948242,0.10000000149011612,11.867376327514648,-8.898089408874512,0.3912903368473053,-5.090682316222228e-05,2.486993616912514e-05,-9.669549399404787e-06,-1.5316050052642822,0.09871134161949158,-1.010534644126892,-0.9106988310813904,0.09839197993278503,-0.7659830451011658
171,34.371,8,1.222975254058838,0,0,0.7100732326507568,11.985196113586426,-7.613193511962891,0.09999838471412659,12.301859855651855,-8.248746871948242,0.10000000149011612,11.71926212310791,-8.820279121398926,0.39308008551597595,-5.032735498389229e-05,2.5152838134090416e-05,-9.170466910290997e-06,-1.4206370115280151,0.04637038707733154,-1.0412906408309937,-0.889731764793396,0.04633717983961105,-0.7783972024917603
172,34.572,9,1.2308239936828613,0,0,0.7100732326507568,11.985196113586426,-7.613193511962891,0.09999839961528778,12.301859855651855,-8.248746871948242,0.10000000149011612,11.583820343017578,-8.730265617370605,0.40393713116645813,-5.07390323036816e-05,2.5350831492687576e-05,-9.910496373777278e-06,-1.472180724143982,0.03821316361427307,-1.0062199831008911,-0.8999926447868347,0.038194574415683746,-0.7641940116882324
173,34.773,10,1.2262979745864868,0,0,0.7100732326507568,11.985196113586426,-7.613193511962891,0.09999839961528778,12.301859855651855,-8.248746871948242,0.10000000149011612,11.467531204223633,-8.625028610229492,0.40920931100845337,-5.0557442591525614e-05,2.6328134481445886e-05,-1.0665442459867336e-05,-1.3040187358856201,0.2167821079492569,-1.0489501953125,-0.8627541065216064,0.2134488970041275,-0.7813978791236877
174,34.974000000000004,11,1.2336245775222778,0,0,0.7100732326507568,11.985196113586426,-7.613193511962891,0.09999839961528778,12.301859855651855,-8.248746871948242,0.10000000149011612,11.368561744689941,-8.513303756713867,0.3861554265022278,-5.115114981890656e-05,2.6766494556795806e-05,-1.1727507626346778e-05,-1.4332603216171265,0.12272901833057404,-1.0150121450424194,-0.8923327922821045,0.12211651355028152,-0.7678271532058716
175,35.175000000000004,12,1.2434524297714233,0,0,0.7100732326507568,11.985196113586426,-7.613193511962891,0.09999841451644897,12.301859855651855,-8.248746871948242,0.10000000149011612,11.282797813415527,-8.37985897064209,0.38359373807907104,-5.061142655904405e-05,2.546509676903952e-05,-9.82053916231962e-06,-1.4469324350357056,0.23873989284038544,-1.1223247051239014,-0.8950846195220947,0.23430517315864563,-0.8083760142326355
176,35.376000000000005,13,1.2547013759613037,0,0,0.7100732326507568,11.985196113586426,-7.613193511962891,0.09999839961528778,12.301859855651855,-8.248746871948242,0.10000000149011612,11.22169017791748,-8.229092597961426,0.39883726835250854,-5.07859222125262e-05,2.69478332484141e-05,-1.1322813406877685e-05,-1.4697328805923462,0.1511964201927185,-1.1027069091796875,-0.8995264768600464,0.15005473792552948,-0.8014692664146423
177,35.577000000000005,14,1.2616978883743286,0,0,0.7100732326507568,11.985196113586426,-7.613193511962891,0.09999839216470718,12.301859855651855,-8.248746871948242,0.10000000149011612,11.190262794494629,-8.074073791503906,0.4054281711578369,-5.0334419938735664e-05,2.6622004952514544e-05,-1.3981823940412141e-05,-1.3041095733642578,0.3064199686050415,-1.1930029392242432,-0.8627773523330688,0.29717668890953064,-0.8315078616142273
178,35.778,15,1.2825031280517578,0,0,0.7100732326507568,11.985196113586426,-7.613193511962891,0.09999838471412659,12.301859855651855,-8.248746871948242,0.10000000149011612,11.189181327819824,-7.924203395843506,0.39676979184150696,-5.032112676417455e-05,2.7624100766843185e-05,-1.10280570879695e-05,-1.4144302606582642,0.36150938272476196,-1.1820706129074097,-0.8884312510490417,0.3465428054332733,-0.8281034231185913
179,35.979,16,1.2989346981048584,0,0,0.7100732326507568,11.985196113586426,-7.613193511962891,0.09999839216470718,12.301859855651855,-8.248746871948242,0.10000000149011612,11.22386360168457,-7.782001495361328,0.38888227939605713,-5.060434341430664e-05,2.5352745069540106e-05,-9.403662261320278e-06,-1.329716444015503,0.4932202696800232,-1.2855055332183838,-0.8691800236701965,0.45676860213279724,-0.8579448461532593
180,36.18,17,1.323169469833374,0,0,0.7100732326507568,11.985196113586426,-7.613193511962891,0.09999839216470718,12.301859855651855,-8.248746871948242,0.10000000149011612,11.295719146728516,-7.646778106689453,0.40407130122184753,-5.090182094136253e-05,2.5292945792898536e-05,-1.4082345842325594e-05,-1.275895118713379,0.5495682954788208,-1.3829309940338135,-0.8553873896598816,0.5001965761184692,-0.8816059231758118
181,36.381,18,1.340013027191162,0,0,0.7100732326507568,11.985196113586426,-7.613193511962891,0.09999838471412659,12.301859855651855,-8.248746871948242,0.10000000149011612,11.400039672851562,-7.5381550788879395,0.4044009745121002,-5.0836017180699855e-05,2.661542566784192e-05,-1.1143609299324453e-05,-1.1079550981521606,0.8441694378852844,-1.4665818214416504,-0.8033384084701538,0.6880111694335938,-0.898923397064209
182,36.582,19,1.3597400188446045,0,0,0.7100732326507568,11.985196113586426,-7.613193511962891,0.09999838471412659,12.301859855651855,-8.248746871948242,0.10000000149011612,11.527889251708984,-7.455060005187988,0.39446890354156494,-5.0258440751349553e-05,2.6590199922793545e-05,-1.0188945452682674e-05,-0.565883219242096,0.8002779483795166,-1.560434341430664,-0.5123294591903687,0.6641921401023865,-0.9154908061027527
183,36.783,20,1.248810052871704,0,0,0.7100732326507568,11.985196113586426,-7.613193511962891,0.09999839216470718,12.301859855651855,-8.248746871948242,0.10000000149011612,11.672440528869629,-7.404177665710449,0.3891015350818634,-4.9975998990703374e-05,2.5182607714668848e-05,-8.869118573784363e-06,-1.0345662832260132,1.0780645608901978,-1.5707168579101562,-0.775733232498169,0.7924802303314209,-0.9171397089958191
184,36.984,21,1.3903312683105469,0,0,0.617449939250946,12.161173820495605,-7.647538185119629,0.11878979206085205,12.301859855651855,-8.248746871948242,0.10000000149011612,11.811347007751465,-7.387119293212891,0.3984314501285553,1.0904722213745117,-0.21309234201908112,-0.36888381838798523,-0.6641917824745178,-0.21255522966384888,0.5636414289474487,-0.581146240234375,-0.20941098034381866,0.5106741786003113
185,37.185,22,1.455802083015442,0,0,0.5787851810455322,12.287369728088379,-7.670143127441406,0.099998340010643,12.301859855651855,-8.248746871948242,0.10000000149011612,11.918388366699219,-7.393022060394287,0.4063912630081177,0.23560211062431335,-0.04015861824154854,-1.6528312585251115e-07,-1.0326225757598877,0.5710405707359314,-0.9253458976745605,-0.7749580144882202,0.5161230564117432,-0.7284166216850281
186,37.386,23,1.4435780048370361,0,0,0.5774043202400208,12.29468059539795,-7.671387195587158,0.099998340010643,12.301859855651855,-8.248746871948242,0.10000000149011612,11.99578857421875,-7.38609504699707,0.3901844620704651,-5.4650412494083866e-05,1.8707947674556635e-05,-1.4508677850244567e-05,-0.8067823648452759,1.0179011821746826,-1.5613689422607422,-0.6678114533424377,0.7690103054046631,-0.9156419634819031
187,37.587,24,1.437397837638855,0,0,0.5590398907661438,12.328943252563477,-7.69036340713501,0.12199937552213669,12.301859855651855,-8.248746871948242,0.10000000149011612,12.11781120300293,-7.38970422744751,0.39567404985427856,0.34610119462013245,-0.19136177003383636,-0.03774939477443695,-0.8526023626327515,0.5693486332893372,-0.8814786076545715,-0.6924265623092651,0.5148807168006897,-0.7071592807769775
188,37.788000000000004,25,1.562684416770935,0,0,0.5137566924095154,12.405937194824219,-7.74564266204834,0.11749687790870667,12.301859855651855,-8.248746871948242,0.10000000149011612,12.245076179504395,-7.435215950012207,0.40525373816490173,0.7397273182868958,-0.6134001016616821,0.13915212452411652,0.008655473589897156,-0.3287080228328705,0.030643410980701447,0.008655257523059845,-0.3173593580722809,0.030633823946118355
189,37.989000000000004,26,1.633387804031372,0,0,0.46794402599334717,12.511785507202148,-7.830533027648926,0.099998340010643,12.301859855651855,-8.248746871948242,0.10000000149011612,12.335098266601562,-7.481663227081299,0.37211284041404724,0.22416569292545319,-0.16952401399612427,-2.4084931737888837e-07,-0.8220100402832031,0.6150030493736267,-0.7619098424911499,-0.6761624217033386,0.5476392507553101,-0.6422005891799927
190,38.190000000000005,27,1.523087978363037,0,0,0.46618276834487915,12.520018577575684,-7.8367600440979,0.09999831020832062,12.301859855651855,-8.248746871948242,0.10000000149011612,12.40970516204834,-7.506136894226074,0.3749570846557617,-5.079244510852732e-05,2.6506604626774788e-05,-1.1317697499180213e-05,-0.749848484992981,0.7204295992851257,-1.2970356941223145,-0.6350585222244263,0.6171753406524658,-0.8609580993652344
191,38.391000000000005,28,1.660386085510254,0,0,0.44781914353370667,12.629362106323242,-7.94332218170166,0.09999831765890121,12.301859855651855,-8.248746871948242,0.10000000149011612,12.53632640838623,-7.560995101928711,0.4003772437572479,0.47190308570861816,-0.5306119322776794,-6.468577140594789e-08,-0.6814297437667847,-0.20300163328647614,-0.18576347827911377,-0.5924481153488159,-0.2002583146095276,-0.18365579843521118
192,38.592000000000006,29,1.5770854949951172,0,0,0.4513891339302063,12.674424171447754,-7.993897914886475,0.09999828785657883,12.301859855651855,-8.248746871948242,0.10000000149011612,12.637901306152344,-7.6197662353515625,0.4210972189903259,-5.5511358368676156e-05,1.6330062862834893e-05,-1.3472805221681483e-05,-1.0722360610961914,0.5952982306480408,-1.3393173217773438,-0.7903021574020386,0.5336955189704895,-0.8715081810951233
193,38.793,30,1.6252894401550293,0,0,0.4503096342086792,12.676939010620117,-7.99955940246582,0.10098174214363098,12.301859855651855,-8.248746871948242,0.10000000149011612,12.725119590759277,-7.674867630004883,0.38355109095573425,0.1720283329486847,-0.46679016947746277,0.0672270879149437,-0.6363617181777954,0.42265784740448,-1.1643434762954712,-0.5624171495437622,0.39916715025901794,-0.8224503397941589
194,38.994,31,1.71311354637146,0,0,0.41458335518836975,12.708996772766113,-8.170523643493652,0.09999831020832062,12.301859855651855,-8.248746871948242,0.10000000149011612,12.833255767822266,-7.75351095199585,0.3875199556350708,0.06248927861452103,-0.6410403847694397,-4.324242127040634e-06,-0.4475752115249634,-0.5726419687271118,-0.5992454886436462,-0.41990381479263306,-0.5172968506813049,-0.5365124940872192
195,39.195,32,1.699256181716919,0,0,0.41298675537109375,12.714251518249512,-8.226584434509277,0.09999831020832062,12.301859855651855,-8.248746871948242,0.10000000149011612,12.905923843383789,-7.822683334350586,0.40958237648010254,-3.388122422620654e-05,-8.570227691961918e-06,-1.9409324522712268e-05,-1.1703888177871704,0.7909647822380066,-1.7192167043685913,-0.8243967890739441,0.6589552164077759,-0.9377686381340027
196,39.396,33,1.7345998287200928,0,0,0.41298675537109375,12.714251518249512,-8.226584434509277,0.09999831020832062,12.301859855651855,-8.248746871948242,0.10000000149011612,12.950724601745605,-7.865574359893799,0.38351869583129883,-1.0165054845856503e-05,-1.0523607443246874e-06,-1.790911119314842e-05,-0.6602606177330017,0.5744681358337402,-1.888931155204773,-0.5785368084907532,0.5186331272125244,-0.9552797675132751
197,39.597,34,1.7559747695922852,0,0,0.41298675537109375,12.714251518249512,-8.226584434509277,0.09999829530715942,12.301859855651855,-8.248746871948242,0.10000000149011612,13.002939224243164,-7.9655280113220215,0.37856170535087585,-3.222871964680962e-05,-7.417718279612018e-06,-1.8440463463775814e-05,-1.0258928537368774,0.12302909791469574,-1.8646564483642578,-0.7722558975219727,0.12241210788488388,-0.9531071782112122
198,39.797999999999995,35,1.7802045345306396,0,0,0.41298675537109375,12.714251518249512,-8.226584434509277,0.09999828785657883,12.301859855651855,-8.248746871948242,0.10000000149011612,13.037298202514648,-8.08770751953125,0.3851473033428192,-3.3168180380016565e-05,-6.433271209971281e-06,-1.4450514754571486e-05,-0.6775646209716797,1.3621997833251953,-2.3981645107269287,-0.5899338722229004,0.8769022822380066,-0.9836152791976929
199,39.998999999999995,36,1.1468462944030762,0,0,0.2776345908641815,12.537405967712402,-8.395712852478027,0.13890577852725983,12.301859855651855,-8.248746871948242,0.10000000149011612,13.06306266784668,-8.206768989562988,0.38208308815956116,-1.631889820098877,-1.5251655578613281,-0.014134518802165985,1.2602368593215942,-3.367033004760742,1.8424420356750488,0.851129412651062,-0.9976234436035156,0.9510290026664734
200,40.199999999999996,37,0.9714769721031189,0,0,0.41849517822265625,12.256589889526367,-8.664786338806152,0.0999983698129654,12.301859855651855,-8.248746871948242,0.10000000149011612,13.010181427001953,-8.245722770690918,0.33529865741729736,-1.0769184827804565,-1.0508509874343872,-2.871078550015227e-06,-0.9705772995948792,-1.1713746786117554,0.5593897104263306,-0.7489578723907471,-0.824712336063385,0.5075244307518005
201,40.400999999999996,38,1.1617927551269531,0,0,0.6125643849372864,12.09386157989502,-8.82491683959961,0.0999983698129654,12.301859855651855,-8.248746871948242,0.10000000149011612,13.056872367858887,-8.249305725097656,0.3138541877269745,-0.5482344627380371,-0.5500558018684387,-7.045146503514843e-06,-0.6702327728271484,-0.7257444262504578,0.02912982553243637,-0.5851329565048218,-0.6204549074172974,0.02912158891558647
202,40.602,39,1.1856211423873901,0,0,0.6884556412696838,12.03679370880127,-8.884129524230957,0.09999839961528778,12.301859855651855,-8.248746871948242,0.10000000149011612,13.18055534362793,-8.308176040649414,0.36664262413978577,-0.03294485807418823,-0.03942527249455452,-1.0898621439991985e-05,-1.5061352252960205,0.05821041762828827,-1.0308829545974731,-0.9062507748603821,0.05814475938677788,-0.7742622494697571
203,40.803,40,1.197134256362915,0,0,0.688734233379364,12.036609649658203,-8.884354591369629,0.09999840706586838,12.301859855651855,-8.248746871948242,0.10000000149011612,13.279557228088379,-8.39803695678711,0.4149598181247711,-7.690192433074117e-06,3.0874292860971764e-05,-1.7139438568847254e-05,-1.1209083795547485,-0.05113998055458069,-1.4326342344284058,-0.807884693145752,-0.051095444709062576,-0.8922051787376404
204,41.004,41,1.2092374563217163,0,0,0.688734233379364,12.036609649658203,-8.884354591369629,0.09999837726354599,12.301859855651855,-8.248746871948242,0.10000000149011612,13.342583656311035,-8.510109901428223,0.41250014305114746,-6.885632046760293e-06,3.010291766258888e-05,-1.6473979485454038e-05,-1.0950907468795776,0.21178652346134186,-1.4743037223815918,-0.7987287044525146,0.20867586135864258,-0.9003952741622925
205,41.205,42,1.2217397689819336,0,0,0.688734233379364,12.036609649658203,-8.884354591369629,0.09999837726354599,12.301859855651855,-8.248746871948242,0.10000000149011612,13.368654251098633,-8.636335372924805,0.3972448706626892,-7.230822120618541e-06,3.124232171103358e-05,-1.5829416952328756e-05,-1.3583232164382935,0.24019880592823029,-1.3287220001220703,-0.8760035634040833,0.23568351566791534,-0.8689366579055786
206,41.406,43,1.2319376468658447,0,0,0.688734233379364,12.036609649658203,-8.884354591369629,0.09999838471412659,12.301859855651855,-8.248746871948242,0.10000000149011612,13.363346099853516,-8.7748384475708,0.38898634910583496,-7.807654583302792e-06,3.1260842661140487e-05,-1.692235491645988e-05,-1.2310407161712646,0.23986391723155975,-1.3608070611953735,-0.8428809642791748,0.23536720871925354,-0.8765801191329956
207,41.607,44,1.2289048433303833,0,0,0.688734233379364,12.036609649658203,-8.884354591369629,0.09999839961528778,12.301859855651855,-8.248746871948242,0.10000000149011612,13.33252239227295,-8.913111686706543,0.4085526764392853,-7.172104233177379e-06,3.134356302325614e-05,-1.4942488633096218e-05,-1.2500563859939575,0.04301927983760834,-1.3433499336242676,-0.8482994437217712,0.042992763221263885,-0.8724745512008667
208,41.808,45,1.2267261743545532,0,0,0.688734233379364,12.036609649658203,-8.884354591369629,0.09999839961528778,12.301859855651855,-8.248746871948242,0.10000000149011612,13.276005744934082,-9.042289733886719,0.4103330969810486,-6.2472890931530856e-06,3.011380795214791e-05,-1.4576252397091594e-05,-1.3457694053649902,0.2910499572753906,-1.30263090133667,-0.8730510473251343,0.2831008732318878,-0.8623989224433899
209,42.009,46,1.247109293937683,0,0,0.688734233379364,12.036609649658203,-8.884354591369629,0.09999838471412659,12.301859855651855,-8.248746871948242,0.10000000149011612,13.199810028076172,-9.160737037658691,0.39104941487312317,-8.292007805721369e-06,3.151773853460327e-05,-1.821405385271646e-05,-1.2737339735031128,0.2558984160423279,-1.243224024772644,-0.8548064231872559,0.25045520067214966,-0.8463726043701172
210,42.21,47,1.2638226747512817,0,0,0.688734233379364,12.036609649658203,-8.884354591369629,0.0999983698129654,12.301859855651855,-8.248746871948242,0.10000000149011612,13.096393585205078,-9.260948181152344,0.38383281230926514,-8.366069778276142e-06,3.0153043553582393e-05,-2.058412974292878e-05,-1.3765076398849487,0.3180539608001709,-1.261610984802246,-0.8801668286323547,0.30774620175361633,-0.8515076041221619
211,42.411,48,1.2791193723678589,0,0,0.688734233379364,12.036609649658203,-8.884354591369629,0.09999838471412659,12.301859855651855,-8.248746871948242,0.10000000149011612,12.968204498291016,-9.343133926391602,0.3957395851612091,-6.85159375279909e-06,3.1176932679954916e-05,-1.543288817629218e-05,-1.210022211074829,0.3785398006439209,-1.3079187870025635,-0.8366861343383789,0.36143866181373596,-0.8637478351593018
212,42.612,49,1.2979975938796997,0,0,0.688734233379364,12.036609649658203,-8.884354591369629,0.09999839961528778,12.301859855651855,-8.248746871948242,0.10000000149011612,12.828332901000977,-9.395358085632324,0.3970401883125305,-6.0445117924246006e-06,3.040375122509431e-05,-1.403121405019192e-05,-1.2543203830718994,0.378339946269989,-1.2359510660171509,-0.8494907021522522,0.3612649142742157,-0.8442968726158142
213,42.813,50,1.3197757005691528,0,0,0.688734233379364,12.036609649658203,-8.884354591369629,0.09999837726354599,12.301859855651855,-8.248746871948242,0.10000000149011612,12.677616119384766,-9.420502662658691,0.387433260679245,-8.83914344740333e-06,3.093742998316884e-05,-2.0009145373478532e-05,-1.3782597780227661,0.42785221338272095,-1.1859570741653442,-0.8805609941482544,0.40352481603622437,-0.8293207883834839
214,43.014,51,1.3378006219863892,0,0,0.688734233379364,12.036609649658203,-8.884354591369629,0.09999839961528778,12.301859855651855,-8.248746871948242,0.10000000149011612,12.52767276763916,-9.409553527832031,0.38813701272010803,-8.110167982522398e-06,3.0273062293417752e-05,-1.8800245015881956e-05,-1.1594324111938477,0.6200306415557861,-1.218920350074768,-0.8208547830581665,0.5511493682861328,-0.8393354415893555
215,43.215,52,1.3692339658737183,0,0,0.688734233379364,12.036609649658203,-8.884354591369629,0.09999839216470718,12.301859855651855,-8.248746871948242,0.10000000149011612,12.381723403930664,-9.372172355651855,0.40285155177116394,-7.275081316038268e-06,3.1039187888382e-05,-1.6339306966983713e-05,-1.1442803144454956,0.5483947396278381,-1.1958633661270142,-0.8158503770828247,0.49931609630584717,-0.8323885202407837
216,43.416000000000004,53,1.411049485206604,0,0,0.688734233379364,12.036609649658203,-8.884354591369629,0.09999839961528778,12.301859855651855,-8.248746871948242,0.10000000149011612,12.245580673217773,-9.306635856628418,0.4050477147102356,1.7698012015898712e-05,1.0255378583678976e-05,-7.790310519339982e-06,-1.24546480178833,0.7105755805969238,-1.2024592161178589,-0.8470069766044617,0.6110376119613647,-0.8344032168388367
217,43.617000000000004,54,1.5177189111709595,0,0,0.6812220811843872,12.035360336303711,-8.875677108764648,0.09999837726354599,12.301859855651855,-8.248746871948242,0.10000000149011612,12.122568130493164,-9.206293106079102,0.39619243144989014,-5.76910770178074e-06,2.4843044229783118e-05,-1.318370777880773e-05,-0.9144155979156494,0.7744905948638916,-1.2688748836517334,-0.723244845867157,0.6495330333709717,-0.8534923791885376
218,43.818000000000005,55,1.7118890285491943,0,0,0.49715685844421387,12.038629531860352,-8.670498847961426,0.10146035999059677,12.301859855651855,-8.248746871948242,0.10000000149011612,12.022177696228027,-9.084235191345215,0.3813600242137909,-0.001465393346734345,1.0030250549316406,-0.06837865710258484,-0.6404937505722046,-0.4519052505493164,0.25960013270378113,-0.5652356147766113,-0.4234638810157776,0.2539214789867401
219,44.019000000000005,56,1.7594221830368042,0,0,0.38915207982063293,12.043744087219238,-8.53997802734375,0.09999837726354599,12.301859855651855,-8.248746871948242,0.10000000149011612,11.924873352050781,-8.982032775878906,0.41385918855667114,0.04588017985224724,0.3162982761859894,-4.961928425473161e-06,-0.7199317812919617,1.1199160814285278,-1.1309034824371338,-0.6168670654296875,0.807539701461792,-0.8113282918930054
220,44.22,57,1.7391035556793213,0,0,0.3768910765647888,12.046517372131348,-8.525959968566895,0.09999837726354599,12.301859855651855,-8.248746871948242,0.10000000149011612,11.831892013549805,-8.898730278015137,0.3743983507156372,5.187738861422986e-05,-2.468973252689466e-05,-1.1721577720891219e-05,-0.7796448469161987,1.0869520902633667,-1.7948139905929565,-0.6525027751922607,0.7957630157470703,-0.9462662935256958
221,44.421,58,2.0299434661865234,0,0,0.3218790292739868,12.058998107910156,-8.459991455078125,0.12114692479372025,12.301859855651855,-8.248746871948242,0.10000000149011612,11.779305458068848,-8.769620895385742,0.3879181742668152,0.2621590197086334,1.3949899673461914,0.20464631915092468,0.4152020812034607,-1.4695929288864136,0.5019283294677734,0.39288076758384705,-0.899499773979187,0.46363237500190735
222,44.622,59,2.0862765312194824,0,0,0.201199471950531,12.101568222045898,-8.229655265808105,0.09999838471412659,12.301859855651855,-8.248746871948242,0.10000000149011612,11.754990577697754,-8.684564590454102,0.3671165108680725,0.13944560289382935,0.7566413879394531,-5.141862970958755e-07,-0.9159820675849915,-0.13916321098804474,-0.27692413330078125,-0.7239910960197449,-0.138271763920784,-0.270055890083313
223,44.823,60,2.114201068878174,0,0,0.2098003327846527,12.116779327392578,-8.149947166442871,0.0999983623623848,12.301859855651855,-8.248746871948242,0.10000000149011612,11.681509971618652,-8.672335624694824,0.3743560016155243,0.0096979271620512,0.04743896424770355,-3.5564075915317517e-06,-1.1316555738449097,0.16116943955421448,-1.3790158033370972,-0.8115850687026978,0.1597883105278015,-0.8807306885719299
224,45.024,61,2.1298203468322754,0,0,0.2098741978406906,12.116832733154297,-8.149690628051758,0.09999838471412659,12.301859855651855,-8.248746871948242,0.10000000149011612,11.57753849029541,-8.642735481262207,0.3988509476184845,-4.439185431692749e-06,1.4835607089480618e-06,-5.177830644242931e-06,-1.1328848600387573,0.5885700583457947,-1.6522390842437744,-0.8120043277740479,0.5288664102554321,-0.9291642308235168
225,45.225,62,2.146735668182373,0,0,0.2098741978406906,12.116832733154297,-8.149690628051758,0.09999838471412659,12.301859855651855,-8.248746871948242,0.10000000149011612,11.508121490478516,-8.568428993225098,0.4090098440647125,-3.9560668483318295e-06,1.602607881068252e-06,-4.825435553357238e-06,-0.9891141057014465,0.4873860478401184,-1.6827080249786377,-0.7569843530654907,0.45213934779167175,-0.9332121014595032
226,45.426,63,2.160750389099121,0,0,0.2098741978406906,12.116832733154297,-8.149690628051758,0.09999837726354599,12.301859855651855,-8.248746871948242,0.10000000149011612,11.474050521850586,-8.457275390625,0.4004531502723694,-3.337017233207007e-06,1.7318607206107117e-06,-5.77370383325615e-06,-1.057634949684143,0.7355055212974548,-1.621618390083313,-0.7847570180892944,0.6264220476150513,-0.9248586297035217
227,45.627,64,2.183566093444824,0,0,0.2098741978406906,12.116832733154297,-8.149690628051758,0.09999838471412659,12.301859855651855,-8.248746871948242,0.10000000149011612,11.48624038696289,-8.327530860900879,0.39572614431381226,-1.1785580682044383e-05,2.4116488361869415e-07,-9.339760822513199e-07,-0.9438717365264893,0.6675184369087219,-1.6337156295776367,-0.736996054649353,0.5833451151847839,-0.9265888929367065
228,45.828,65,2.197998523712158,0,0,0.2098741978406906,12.116832733154297,-8.149690628051758,0.0999983623623848,12.301859855651855,-8.248746871948242,0.10000000149011612,11.545133590698242,-8.1972074508667,0.39583325386047363,-4.793161224370124e-06,2.214510232079192e-06,-6.872553512948798e-06,-0.8749407529830933,1.1217727661132812,-1.7485207319259644,-0.7038757801055908,0.8081846833229065,-0.9412069320678711
229,46.029,66,2.2797844409942627,0,0,0.2098741978406906,12.116832733154297,-8.149690628051758,0.0999983698129654,12.301859855651855,-8.248746871948242,0.10000000149011612,11.63846492767334,-8.077780723571777,0.3937513828277588,-3.473763399597374e-06,1.7935665255208733e-06,-4.316404101700755e-06,-1.0504387617111206,1.1210558414459229,-1.745495319366455,-0.7819768786430359,0.8079358339309692,-0.9408606886863708
230,46.230000000000004,67,203.56451416015625,1,0,0.184738889336586,12.1535005569458,-8.138665199279785,0.0999983549118042,12.301859855651855,-8.248746871948242,0.10000000149011612,11.764030456542969,-7.970889091491699,0.39556440711021423,0.3222391605377197,0.09120380878448486,-3.4876492804869486e-07,-0.6327219009399414,0.9174427390098572,-1.4971437454223633,-0.5599235892295837,0.7246853709220886,-0.9046307802200317
231,46.431000000000004,0,0.9496311545372009,0,0,0.9829110503196716,12.300619125366211,-8.17187786102295,0.10000000149011612,11.358686447143555,-8.452728271484375,0.10000000149011612,11.401982307434082,-7.702108383178711,0.3499999940395355,0.0,0.0,0.0,-1.183008074760437,-0.5661635398864746,-0.5363350510597229,-0.8283977508544922,-0.5125361680984497,-0.4902087152004242
232,46.632000000000005,1,0.9502182006835938,0,0,0.9829110503196716,12.300619125366211,-8.17187786102295,0.0999983474612236,11.358686447143555,-8.452728271484375,0.10000000149011612,11.439565658569336,-7.621535778045654,0.39356729388237,2.182170283049345e-05,5.2881277952110395e-05,-1.0738125638454221e-05,-1.5164209604263306,0.206562802195549,-1.057574987411499,-0.9080718755722046,0.20367421209812164,-0.7847339510917664
233,46.833000000000006,2,0.9753425717353821,0,0,0.9829110503196716,12.300619125366211,-8.17187786102295,0.0999983698129654,11.358686447143555,-8.452728271484375,0.10000000149011612,11.533708572387695,-7.493765354156494,0.4037179946899414,2.1916419427725486e-05,5.310260894475505e-05,-1.1194883882126305e-05,-1.3449877500534058,0.0846242606639862,-1.14704430103302,-0.8728650212287903,0.08442283421754837,-0.8167725801467896
234,47.034000000000006,3,0.9911606907844543,0,0,0.9829110503196716,12.300619125366211,-8.17187786102295,0.0999983623623848,11.358686447143555,-8.452728271484375,0.10000000149011612,11.655166625976562,-7.386302947998047,0.4100933074951172,2.2695110601489432e-05,5.307048559188843e-05,-1.1769484444812406e-05,-1.3721911907196045,0.2343360334634781,-1.2306194305419922,-0.8791905641555786,0.23013880848884583,-0.8427588939666748
235,47.235,4,1.0008844137191772,0,0,0.9829110503196716,12.300619125366211,-8.17187786102295,0.0999983549118042,11.358686447143555,-8.452728271484375,0.10000000149011612,11.792755126953125,-7.309916019439697,0.40300190448760986,2.252101148769725e-05,5.27778101968579e-05,-1.1047308362321928e-05,-1.064333200454712,0.2603272795677185,-1.3487727642059326,-0.7873166799545288,0.2546015977859497,-0.8737633228302002
236,47.436,5,1.0130261182785034,0,0,0.9829110503196716,12.300619125366211,-8.17187786102295,0.0999983549118042,11.358686447143555,-8.452728271484375,0.10000000149011612,11.94240665435791,-7.268964767456055,0.39718127250671387,2.116779978678096e-05,5.297097595757805e-05,-1.0107464731845539e-05,-1.0353821516036987,0.2475108951330185,-1.3894500732421875,-0.7760579586029053,0.2425774335861206,-0.8830498456954956
237,47.637,6,1.0094488859176636,0,0,0.9829110503196716,12.300619125366211,-8.17187786102295,0.0999983549118042,11.358686447143555,-8.452728271484375,0.10000000149011612,12.074252128601074,-7.271984100341797,0.39834660291671753,2.2007341613061726e-05,5.341944779502228e-05,-1.1246293979638722e-05,-1.2067431211471558,0.5210452675819397,-1.4279429912567139,-0.8356998562812805,0.4785063564777374,-0.8912442922592163
238,47.838,7,1.0265448093414307,0,0,0.9829110503196716,12.300619125366211,-8.17187786102295,0.0999983549118042,11.358686447143555,-8.452728271484375,0.10000000149011612,12.203264236450195,-7.310397148132324,0.39693015813827515,2.1712054149247706e-05,5.297993993735872e-05,-1.0547049896558747e-05,-1.0774922370910645,0.44616711139678955,-1.47147536277771,-0.7922672629356384,0.4187433123588562,-0.8998585343360901
239,48.039,8,1.0473674535751343,0,0,0.9829110503196716,12.300619125366211,-8.17187786102295,0.0999983549118042,11.358686447143555,-8.452728271484375,0.10000000149011612,12.325369834899902,-7.379197597503662,0.40702542662620544,2.2689831894240342e-05,5.274490104056895e-05,-1.1138535228383262e-05,-1.2368396520614624,0.5685821175575256,-1.3803043365478516,-0.8445518612861633,0.5143171548843384,-0.8810194134712219
240,48.239999999999995,9,1.0631390810012817,0,0,0.9829110503196716,12.300619125366211,-8.17187786102295,0.0999983549118042,11.358686447143555,-8.452728271484375,0.10000000149011612,12.426325798034668,-7.485138893127441,0.4034777283668518,2.181276067858562e-05,5.2949628297938034e-05,-1.0800841664604377e-05,-0.7826135158538818,0.5997862219810486,-1.5778732299804688,-0.654204249382019,0.5368974804878235,-0.9182690978050232
241,48.440999999999995,10,1.0873627662658691,0,0,0.9829110503196716,12.300619125366211,-8.17187786102295,0.09999833256006241,11.358686447143555,-8.452728271484375,0.10000000149011612,12.50092601776123,-7.608631134033203,0.3848482668399811,2.2188638467923738e-05,5.1674182032002136e-05,-1.0596593710943125e-05,-0.8827087879180908,0.8765209317207336,-1.5201175212860107,-0.707773745059967,0.70467209815979,-0.9087181091308594
242,48.641999999999996,11,1.1253005266189575,0,0,0.9829110503196716,12.300619125366211,-8.17187786102295,0.0999983474612236,11.358686447143555,-8.452728271484375,0.10000000149011612,12.53955078125,-7.74075984954834,0.39003822207450867,2.2333504603011534e-05,5.338007758837193e-05,-1.1848647773149423e-05,-0.788127064704895,0.8555670380592346,-1.596927523612976,-0.6573467254638672,0.6939666271209717,-0.9212047457695007
243,48.842999999999996,12,0.9958539605140686,0,0,0.9829110503196716,12.300619125366211,-8.17187786102295,0.0999983623623848,11.358686447143555,-8.452728271484375,0.10000000149011612,12.54477596282959,-7.8885698318481445,0.4053976535797119,2.177186070184689e-05,5.311060158419423e-05,-1.0841553375939839e-05,-0.767103374004364,1.0921063423156738,-1.6964471340179443,-0.6452419757843018,0.797645628452301,-0.9349634647369385
244,49.044,13,1.1128610372543335,0,0,0.9005482196807861,12.241591453552246,-8.275341987609863,0.11967633664608002,11.358686447143555,-8.452728271484375,0.10000000149011612,12.514371871948242,-8.03102970123291,0.39677566289901733,-0.598122775554657,-1.0617680549621582,-0.059353116899728775,-0.3416866362094879,-0.5533164739608765,0.4683276116847992,-0.32898229360580444,-0.5030016899108887,0.43684709072113037
245,49.245,14,1.2931803464889526,0,0,0.7363207340240479,12.094861030578613,-8.467397689819336,0.10036042332649231,11.358686447143555,-8.452728271484375,0.10000000149011612,12.458093643188477,-8.12579345703125,0.3884786367416382,-0.5310786366462708,-0.6980769634246826,-0.15675482153892517,-0.7121026515960693,0.33167970180511475,0.18419602513313293,-0.611993670463562,0.32002922892570496,0.1821407824754715
246,49.446,15,1.3332488536834717,0,0,0.6871832609176636,12.040526390075684,-8.538256645202637,0.09999839216470718,11.358686447143555,-8.452728271484375,0.10000000149011612,12.448140144348145,-8.216967582702637,0.3960410952568054,-0.04789959266781807,-0.06256476044654846,-4.286929478070078e-09,-0.4465208649635315,0.3894937038421631,-1.292423963546753,-0.4190349876880646,0.37092363834381104,-0.859760046005249
247,49.647,16,1.3693153858184814,0,0,0.6868156790733337,12.040082931518555,-8.538836479187012,0.09999838471412659,11.358686447143555,-8.452728271484375,0.10000000149011612,12.431026458740234,-8.326872825622559,0.3873840868473053,1.940461697813589e-05,5.45358270755969e-05,-1.27381608763244e-05,-0.7862707376480103,1.0809333324432373,-1.8401463031768799,-0.6562912464141846,0.7935450077056885,-0.9508091807365417
248,49.848,17,1.337247610092163,0,0,0.6868156790733337,12.040082931518555,-8.538836479187012,0.09999839961528778,11.358686447143555,-8.452728271484375,0.10000000149011612,12.37014389038086,-8.408763885498047,0.38073432445526123,1.862407043518033e-05,5.4972708312561736e-05,-1.2241354852449149e-05,-0.7816950082778931,1.0121320486068726,-1.7925869226455688,-0.6536785364151001,0.7666423916816711,-0.9460328817367554
249,50.049,18,1.5217528343200684,0,0,0.5777555108070374,11.91120719909668,-8.621613502502441,0.11486155539751053,11.358686447143555,-8.452728271484375,0.10000000149011612,12.280651092529297,-8.519636154174805,0.40338996052742004,-1.231063961982727,-0.6197523474693298,-0.303128182888031,-0.4950489401817322,-0.9015105366706848,0.7997437715530396,-0.45821455121040344,-0.7170325517654419,0.663893461227417
250,50.25,19,1.6456916332244873,0,0,0.460213303565979,11.744490623474121,-8.703629493713379,0.09999841451644897,11.358686447143555,-8.452728271484375,0.10000000149011612,12.181020736694336,-8.587965965270996,0.3951011896133423,-0.4812532067298889,-0.23641222715377808,6.18022895082504e-08,-0.7663964629173279,0.8147823214530945,-0.7045648097991943,-0.6448291540145874,0.67221999168396,-0.6072572469711304
251,50.451,20,1.5884277820587158,0,0,0.44177863001823425,11.709741592407227,-8.72092342376709,0.09999844431877136,11.358686447143555,-8.452728271484375,0.10000000149011612,12.12704849243164,-8.680835723876953,0.40690264105796814,-9.176250387099572e-06,4.158560841460712e-05,-2.4662547730258666e-05,-0.5287483930587769,0.3400649428367615,-1.674858570098877,-0.48442378640174866,0.32753533124923706,-0.9321911334991455
252,50.652,21,1.6603145599365234,0,0,0.4378735423088074,11.70197582244873,-8.724547386169434,0.10113096237182617,11.358686447143555,-8.452728271484375,0.10000000149011612,12.055553436279297,-8.753645896911621,0.40314781665802,-0.4462701082229614,-0.206832155585289,0.007458438165485859,-0.7275452017784119,0.4086275100708008,-1.1777434349060059,-0.6215612888336182,0.38730669021606445,-0.826738715171814
253,50.853,22,1.8029398918151855,0,0,0.41938796639442444,11.66431713104248,-8.739914894104004,0.10161902755498886,11.358686447143555,-8.452728271484375,0.10000000149011612,11.969269752502441,-8.80920696258545,0.39825141429901123,-0.49017366766929626,-0.09364471584558487,0.06300810724496841,-0.8477206826210022,0.6343728303909302,-1.1212685108184814,-0.6898767948150635,0.5610558986663818,-0.808009684085846
254,51.054,23,1.9299311637878418,0,0,0.33774060010910034,11.515619277954102,-8.751794815063477,0.09999845921993256,11.358686447143555,-8.452728271484375,0.10000000149011612,11.874603271484375,-8.855117797851562,0.384022057056427,-0.5687546133995056,0.006065767258405685,-4.109433575649746e-07,-0.9147214293479919,-0.05386810004711151,-0.6193761825561523,-0.7233906984329224,-0.053816057741642,-0.5506935119628906
255,51.255,24,1.8502033948898315,0,0,0.31914347410202026,11.471724510192871,-8.751182556152344,0.09999846667051315,11.358686447143555,-8.452728271484375,0.10000000149011612,11.766105651855469,-8.919126510620117,0.39321228861808777,-6.422647402359871e-06,1.7773480067262426e-05,-1.5250403521349654e-05,-1.1020139455795288,1.0639150142669678,-1.7308076620101929,-0.8012212514877319,0.7871576547622681,-0.9391512870788574
256,51.456,25,1.884069800376892,0,0,0.26372668147087097,11.325303077697754,-8.714333534240723,0.13000673055648804,11.358686447143555,-8.452728271484375,0.10000000149011612,11.647953033447266,-8.962430000305176,0.3924046754837036,-0.9915519952774048,0.2588360011577606,-0.16597048938274384,-0.708223819732666,-1.0741485357284546,0.1289907693862915,-0.6095618009567261,-0.791019082069397,0.12828010320663452
257,51.657000000000004,26,1.974971055984497,0,0,0.2770916223526001,11.199069023132324,-8.679227828979492,0.09999851137399673,11.358686447143555,-8.452728271484375,0.10000000149011612,11.554193496704102,-8.96052360534668,0.38562944531440735,-0.2280774563550949,0.06868166476488113,-1.2582167130403832e-07,-1.4528263807296753,0.3683674931526184,-1.2148326635360718,-0.896250307559967,0.35256290435791016,-0.8381233215332031
258,51.858000000000004,27,2.0309574604034424,0,0,0.2795632481575012,11.191914558410645,-8.67710018157959,0.09999849647283554,11.358686447143555,-8.452728271484375,0.10000000149011612,11.460410118103027,-8.9784574508667,0.42688867449760437,9.23821880860487e-06,-2.6684225304052234e-05,-1.5886697610767442e-06,-1.1242629289627075,0.3377268314361572,-1.6327518224716187,-0.8090466260910034,0.3254464566707611,-0.9264524579048157
259,52.059000000000005,28,1.8316141366958618,0,0,0.2795632481575012,11.191914558410645,-8.67710018157959,0.09999851137399673,11.358686447143555,-8.452728271484375,0.10000000149011612,11.343294143676758,-8.965494155883789,0.4112909436225891,6.113417839515023e-06,-1.291258740820922e-05,-1.2278790563868824e-05,-1.0042493343353271,0.5827471017837524,-1.8106975555419922,-0.7633729577064514,0.5246592164039612,-0.9479026794433594
260,52.260000000000005,29,1.9064598083496094,0,0,0.304581880569458,11.11303997039795,-8.632805824279785,0.1017761379480362,11.358686447143555,-8.452728271484375,0.10000000149011612,11.216264724731445,-8.933685302734375,0.38326025009155273,-0.4855650067329407,0.5556973814964294,0.020643750205636024,-1.115662932395935,-0.43626970052719116,-0.6316602230072021,-0.8060550689697266,-0.4105476438999176,-0.5591943264007568
261,52.461,30,1.575819730758667,0,0,0.3197954595088959,11.062817573547363,-8.574098587036133,0.09999850392341614,11.358686447143555,-8.452728271484375,0.10000000149011612,11.07313346862793,-8.922297477722168,0.41945743560791016,-0.01289308536797762,0.016163295134902,-1.0679622391762678e-05,-0.9180876612663269,0.6545236110687256,-1.9189625978469849,-0.7249914407730103,0.5747073888778687,-0.9578317403793335
262,52.662,31,1.494537591934204,0,0,0.33690690994262695,11.023469924926758,-8.486434936523438,0.13318605720996857,11.358686447143555,-8.452728271484375,0.10000000149011612,10.944720268249512,-8.90726089477539,0.3648298382759094,-0.39237770438194275,0.8625271916389465,0.07350218296051025,-0.4473176896572113,-1.1749320030212402,-0.3805432915687561,-0.41969168186187744,-0.8258468508720398,-0.36317917704582214
263,52.863,32,1.6572129726409912,0,0,0.4123641550540924,10.956806182861328,-8.360335350036621,0.09999853372573853,11.358686447143555,-8.452728271484375,0.10000000149011612,10.879347801208496,-8.874371528625488,0.3548427224159241,-0.1877245008945465,0.28518158197402954,-3.2553525670664385e-06,-1.4328019618988037,0.2365531176328659,-1.296260952949524,-0.8922393918037415,0.23223738372325897,-0.8607574701309204
264,53.064,33,1.6964836120605469,0,0,0.4250691533088684,10.946967124938965,-8.34703540802002,0.09999854117631912,11.358686447143555,-8.452728271484375,0.10000000149011612,10.772109985351562,-8.828032493591309,0.41995134949684143,9.169977602141444e-06,4.836961124965455e-06,-1.0868408025999088e-05,-1.123377799987793,0.3162888288497925,-1.6726449728012085,-0.8087406158447266,0.30614739656448364,-0.9319005012512207
265,53.265,34,1.7181185483932495,0,0,0.4250691533088684,10.946967124938965,-8.34703540802002,0.09999854117631912,11.358686447143555,-8.452728271484375,0.10000000149011612,10.659070014953613,-8.740700721740723,0.40252694487571716,8.461376637569629e-06,4.4232510845176876e-06,-1.040865754475817e-05,-0.7906519174575806,0.621590256690979,-1.864733099937439,-0.658778190612793,0.5522342920303345,-0.9531142115592957
266,53.466,35,1.5582516193389893,0,0,0.4250691533088684,10.946967124938965,-8.34703540802002,0.09999854117631912,11.358686447143555,-8.452728271484375,0.10000000149011612,10.577458381652832,-8.630112648010254,0.38388487696647644,8.750719644012861e-06,4.235038886690745e-06,-1.0147122338821646e-05,-0.7732425928115845,0.7718140482902527,-2.0050735473632812,-0.6488109827041626,0.6479830741882324,-0.9643843173980713
267,53.667,36,1.6811141967773438,0,0,0.43992897868156433,10.955621719360352,-8.276443481445312,0.11209213733673096,11.358686447143555,-8.452728271484375,0.10000000149011612,10.54440689086914,-8.498614311218262,0.383693128824234,0.04381547495722771,0.385492742061615,-0.41464969515800476,-1.2741516828536987,0.22596360743045807,-1.2170823812484741,-0.854918897151947,0.22219470143318176,-0.8387914299964905
268,53.868,37,1.5231963396072388,0,0,0.44236651062965393,10.958831787109375,-8.263507843017578,0.09999852627515793,11.358686447143555,-8.452728271484375,0.10000000149011612,10.53220272064209,-8.345775604248047,0.40874984860420227,-1.864897603809368e-05,-3.0737719498574734e-06,-1.0825875733644352e-06,-0.3728943467140198,0.8102985620498657,-2.3404064178466797,-0.35652074217796326,0.6697549819946289,-0.9816274046897888
269,54.069,38,1.4000217914581299,0,0,0.4140857458114624,11.013922691345215,-8.223370552062988,0.10399569571018219,11.358686447143555,-8.452728271484375,0.10000000149011612,10.54525375366211,-8.214070320129395,0.3772190511226654,1.3352164030075073,1.0332270860671997,-0.08596732467412949,-0.17135514318943024,-1.4481501579284668,0.7728408575057983,-0.16969747841358185,-0.8953264951705933,0.6485783457756042
270,54.27,39,1.4487109184265137,0,0,0.41428136825561523,11.219552040100098,-8.062509536743164,0.09999850392341614,11.358686447143555,-8.452728271484375,0.10000000149011612,10.563289642333984,-8.16244125366211,0.3812362253665924,0.7358176708221436,0.5746729969978333,-3.1165163818513975e-06,-0.7991313934326172,-0.6253453493118286,-0.21833914518356323,-0.663550853729248,-0.5548388361930847,-0.21493449807167053
271,54.471000000000004,40,1.5299875736236572,0,0,0.4638197422027588,11.30888843536377,-7.991589546203613,0.09999849647283554,11.358686447143555,-8.452728271484375,0.10000000149011612,10.494736671447754,-8.11331844329834,0.4255375564098358,0.16189810633659363,0.13691392540931702,-3.5841591738972056e-07,-1.1003408432006836,0.46055930852890015,-1.2314013242721558,-0.8006213903427124,0.4305399954319,-0.8429853320121765
272,54.672000000000004,41,1.5444960594177246,0,0,0.4672824740409851,11.313373565673828,-7.987648010253906,0.09999849647283554,11.358686447143555,-8.452728271484375,0.10000000149011612,10.424360275268555,-8.030243873596191,0.39305874705314636,-9.359199793834705e-06,-2.5154500690405257e-05,-1.2725482520181686e-05,-1.1341649293899536,0.3603293299674988,-1.4289592504501343,-0.8124399185180664,0.3455040454864502,-0.8914530873298645
273,54.873000000000005,42,1.570535659790039,0,0,0.4672824740409851,11.313373565673828,-7.987648010253906,0.09999848157167435,11.358686447143555,-8.452728271484375,0.10000000149011612,10.408224105834961,-7.9273762702941895,0.3855019807815552,4.898239239992108e-06,-5.0354370614513755e-05,-1.6670257537043653e-05,-1.2422841787338257,0.441669225692749,-1.611508846282959,-0.8461058139801025,0.41502711176872253,-0.9233826994895935
274,55.074000000000005,43,1.5804779529571533,0,0,0.4672824740409851,11.313373565673828,-7.987648010253906,0.09999849647283554,11.358686447143555,-8.452728271484375,0.10000000149011612,10.447755813598633,-7.784581184387207,0.3900070786476135,5.465225967782317e-06,-5.1245286158518866e-05,-1.7177730114781298e-05,-1.2783087491989136,0.5704712271690369,-1.694252848625183,-0.8560336828231812,0.5157052278518677,-0.9346867203712463
275,55.275000000000006,44,1.5855302810668945,0,0,0.4672824740409851,11.313373565673828,-7.987648010253906,0.09999847412109375,11.358686447143555,-8.452728271484375,0.10000000149011612,10.53032112121582,-7.65579080581665,0.4080639183521271,4.7252683543774765e-06,-4.7508357965853065e-05,-2.0313607819844037e-05,-0.9392648935317993,0.6801730990409851,-1.830014705657959,-0.7348842620849609,0.5916318893432617,-0.9498274922370911
276,55.476000000000006,45,1.6012561321258545,0,0,0.4672824740409851,11.313373565673828,-7.987648010253906,0.09999847412109375,11.358686447143555,-8.452728271484375,0.10000000149011612,10.643380165100098,-7.560019016265869,0.3981417417526245,4.251083282724721e-06,-4.910837014904246e-05,-1.7024114640662447e-05,-0.9445606470108032,0.88774174451828,-1.7722370624542236,-0.7373106479644775,0.7102766036987305,-0.9438540935516357
277,55.67700000000001,46,1.6228854656219482,0,0,0.4672824740409851,11.313373565673828,-7.987648010253906,0.09999848902225494,11.358686447143555,-8.452728271484375,0.10000000149011612,10.782553672790527,-7.506522178649902,0.3823448717594147,4.442563749762485e-06,-4.9025813495973125e-05,-1.7176194887724705e-05,-0.8925187587738037,0.8843699097633362,-1.708022952079773,-0.7126355767250061,0.7086017727851868,-0.9364045262336731
278,55.878,47,1.6403815746307373,0,0,0.4672824740409851,11.313373565673828,-7.987648010253906,0.09999848157167435,11.358686447143555,-8.452728271484375,0.10000000149011612,10.939239501953125,-7.4813737869262695,0.3850685656070709,4.961611011822242e-06,-4.855310180573724e-05,-2.0379773559398018e-05,-0.9295182824134827,1.097339153289795,-1.781615972518921,-0.7303692102432251,0.7995412349700928,-0.9448686838150024
279,56.079,48,1.6123640537261963,0,0,0.4672824740409851,11.313373565673828,-7.987648010253906,0.09999849647283554,11.358686447143555,-8.452728271484375,0.10000000149011612,11.109079360961914,-7.484352111816406,0.4003007411956787,-8.325397175212856e-06,-2.469874561938923e-05,-1.4981254025769886e-05,-0.6194949150085449,1.2264577150344849,-1.9588940143585205,-0.5507762432098389,0.8415488004684448,-0.9610053300857544
280,56.28,49,1.6278326511383057,0,0,0.4578622579574585,11.322319030761719,-7.996312618255615,0.09999848157167435,11.358686447143555,-8.452728271484375,0.10000000149011612,11.268145561218262,-7.5384087562561035,0.3918801546096802,0.2750388979911804,-0.27256518602371216,-3.160252163070254e-06,-0.6939122676849365,1.1693317890167236,-1.4280668497085571,-0.6004894375801086,0.8240578174591064,-0.8912697434425354
281,56.480999999999995,50,2.008002281188965,0,0,0.44064414501190186,11.33764934539795,-8.01258659362793,0.10184776782989502,11.358686447143555,-8.452728271484375,0.10000000149011612,11.397947311401367,-7.6451334953308105,0.39370959997177124,0.39212849736213684,-0.6572582125663757,0.57112056016922,0.3130719065666199,0.3018168807029724,-1.0283695459365845,0.30322912335395813,0.29297441244125366,-0.7732536196708679
282,56.681999999999995,51,2.1958932876586914,0,0,0.24190747737884521,11.397347450256348,-8.213930130004883,0.09999848902225494,11.358686447143555,-8.452728271484375,0.10000000149011612,11.500362396240234,-7.749307632446289,0.402965784072876,0.18430542945861816,-0.6769812703132629,-3.7932775285298703e-06,-0.29063549637794495,0.18653295934200287,-0.3829350173473358,-0.28271958231925964,0.18439921736717224,-0.36525362730026245
283,56.882999999999996,52,2.289700508117676,0,0,0.18107487261295319,11.412723541259766,-8.27990436553955,0.09999846667051315,11.358686447143555,-8.452728271484375,0.10000000149011612,11.561415672302246,-7.834279537200928,0.38898131251335144,-0.000889189715962857,-0.019683627411723137,-1.2087934919691179e-05,-0.3057146370410919,1.2405164241790771,-1.835628867149353,-0.2965335249900818,0.845602810382843,-0.9503738284111023
284,57.083999999999996,53,203.3431854248047,1,0,0.15562750399112701,11.412662506103516,-8.306760787963867,0.10521737486124039,11.358686447143555,-8.452728271484375,0.10000000149011612,11.611149787902832,-7.9250054359436035,0.3744581937789917,0.04780641570687294,-1.4358779191970825,0.16876661777496338,0.08004602044820786,-0.9734086990356445,0.7525051236152649,0.07987549901008606,-0.7501984238624573,0.6366411447525024
285,57.285,0,0.610507607460022,0,0,1.4498997926712036,12.202797889709473,-7.552425861358643,0.10000000149011612,13.257691383361816,-6.557735443115234,0.10000000149011612,10.930919647216797,-8.010310173034668,0.3499999940395355,0.0,0.0,0.0,-0.9905228018760681,-0.9009849429130554,-0.41481393575668335,-0.7575851678848267,-0.7167770862579346,-0.3925524652004242
286,57.486,1,0.6186511516571045,0,0,1.4498997926712036,12.202797889709473,-7.552425861358643,0.0999983549118042,13.257691383361816,-6.557735443115234,0.10000000149011612,10.983943939208984,-8.090461730957031,0.3877701163291931,5.001179488317575e-06,-1.1551564966794103e-05,-1.0572232895356137e-05,-1.008802056312561,-0.3465217351913452,-1.0814316272735596,-0.7652660608291626,-0.33328720927238464,-0.7937294244766235
287,57.687,2,0.6405961513519287,0,0,1.4498997926712036,12.202797889709473,-7.552425861358643,0.0999983549118042,13.257691383361816,-6.557735443115234,0.10000000149011612,11.057323455810547,-8.217415809631348,0.4078655540943146,5.001213594368892e-06,-1.1551554962352384e-05,-1.0572233804850839e-05,-0.7628480792045593,-0.1483169049024582,-1.5193781852722168,-0.6427514553070068,-0.1472388505935669,-0.908589243888855
288,57.888,3,0.6386373043060303,0,0,1.4498997926712036,12.202797889709473,-7.552425861358643,0.0999983549118042,13.257691383361816,-6.557735443115234,0.10000000149011612,11.099836349487305,-8.342334747314453,0.39121681451797485,5.001213594368892e-06,-1.1551564057299402e-05,-1.0572233804850839e-05,-0.540368378162384,-0.2678331732749939,-1.8724128007888794,-0.493266761302948,-0.26160743832588196,-0.9538123607635498
289,58.089,4,0.6136147975921631,0,0,1.4498997926712036,12.202797889709473,-7.552425861358643,0.0999983623623848,13.257691383361816,-6.557735443115234,0.10000000149011612,11.119762420654297,-8.458226203918457,0.39934787154197693,5.045676516601816e-06,-1.1408681530156173e-05,-1.0737246157077607e-05,-0.5919137597084045,0.2628501057624817,-2.2429020404815674,-0.5312706232070923,0.25695937871932983,-0.9777154326438904
290,58.29,5,0.610281229019165,0,0,1.4498997926712036,12.202797889709473,-7.552425861358643,0.0999983623623848,13.257691383361816,-6.557735443115234,0.10000000149011612,11.106619834899902,-8.556678771972656,0.3901861608028412,4.306831669964595e-06,-9.939075425791088e-06,-1.0603166629152838e-05,-0.21133750677108765,0.09860508143901825,-2.363710880279541,-0.2082463651895523,0.09828674793243408,-0.9824567437171936
291,58.491,6,0.6156867742538452,0,0,1.4498997926712036,12.202797889709473,-7.552425861358643,0.0999983549118042,13.257691383361816,-6.557735443115234,0.10000000149011612,11.072063446044922,-8.609210014343262,0.3870212137699127,5.001180397812277e-06,-1.1551534953468945e-05,-1.057223926181905e-05,-0.15671660006046295,0.35499751567840576,-2.5796456336975098,-0.1554460972547531,0.34080007672309875,-0.9885740876197815
292,58.692,7,0.6142071485519409,0,0,1.4498997926712036,12.202797889709473,-7.552425861358643,0.0999983623623848,13.257691383361816,-6.557735443115234,0.10000000149011612,11.030820846557617,-8.635847091674805,0.3865503966808319,4.307068593334407e-06,-9.93906633084407e-06,-1.0603160262689926e-05,-0.3812367022037506,0.9621984362602234,-2.6129953861236572,-0.3637809753417969,0.7452558875083923,-0.9893074035644531
293,58.893,8,0.615231990814209,0,0,1.4498997926712036,12.202797889709473,-7.552425861358643,0.0999983549118042,13.257691383361816,-6.557735443115234,0.10000000149011612,10.997944831848145,-8.606760025024414,0.3861076235771179,5.9058279475721065e-06,-9.920725460688118e-06,-1.4389892385224812e-05,-0.21201157569885254,0.8329203128814697,-2.740138530731201,-0.2088911086320877,0.6820409893989563,-0.9916982650756836
294,59.094,9,0.6185123920440674,0,0,1.4498997926712036,12.202797889709473,-7.552425861358643,0.0999983549118042,13.257691383361816,-6.557735443115234,0.10000000149011612,10.938065528869629,-8.537114143371582,0.3869762420654297,5.905701073061209e-06,-9.920607226376887e-06,-1.4389416719495784e-05,-0.38181552290916443,1.323745846748352,-2.703667402267456,-0.36428308486938477,0.8677124381065369,-0.9910728931427002
295,59.295,10,0.6315102577209473,0,0,1.4498997926712036,12.202797889709473,-7.552425861358643,0.0999983549118042,13.257691383361816,-6.557735443115234,0.10000000149011612,10.877159118652344,-8.432273864746094,0.39333805441856384,4.999932571081445e-06,-1.1041473953810055e-05,-1.0801789358083624e-05,-0.3035518527030945,1.4487078189849854,-2.6858227252960205,-0.29455962777137756,0.8954370617866516,-0.9907500147819519
296,59.496,11,0.6392771005630493,0,0,1.4498997926712036,12.202797889709473,-7.552425861358643,0.0999983549118042,13.257691383361816,-6.557735443115234,0.10000000149011612,10.841423034667969,-8.286124229431152,0.3920038044452667,4.999580141884508e-06,-1.1041390280297492e-05,-1.0801843018271029e-05,-0.42724189162254333,1.6225183010101318,-2.5655250549316406,-0.4030137360095978,0.9249886870384216,-0.9882487654685974
297,59.697,12,0.650079607963562,0,0,1.4498997926712036,12.202797889709473,-7.552425861358643,0.0999983549118042,13.257691383361816,-6.557735443115234,0.10000000149011612,10.836642265319824,-8.117514610290527,0.3853733241558075,4.999737939215265e-06,-1.1041260222555138e-05,-1.0801850294228643e-05,-0.370354026556015,1.688868522644043,-2.5013680458068848,-0.3543013036251068,0.9340029358863831,-0.9866506457328796
298,59.898,13,0.6580219268798828,0,0,1.4498997926712036,12.202797889709473,-7.552425861358643,0.0999983623623848,13.257691383361816,-6.557735443115234,0.10000000149011612,10.862154006958008,-7.944215774536133,0.3787428140640259,4.306988557800651e-06,-9.938799848896451e-06,-1.0603628652461339e-05,-0.4985935389995575,1.7739102840423584,-2.4015772342681885,-0.4610103666782379,0.9440364241600037,-0.9837258458137512
299,60.099000000000004,14,0.6754850149154663,0,0,1.4498997926712036,12.202797889709473,-7.552425861358643,0.0999983623623848,13.257691383361816,-6.557735443115234,0.10000000149011612,10.920658111572266,-7.773716449737549,0.38843852281570435,4.307210474507883e-06,-9.939213668985758e-06,-1.0603661394270603e-05,-0.5313426852226257,1.8573815822601318,-2.3072245121002197,-0.48640677332878113,0.9524362683296204,-0.9803791046142578
